start,mmd,high_mmd,slope,entropy,anomaly_fraction
0,0.0013511180877685547,0,0.0,2.1732139587402344,0.12
100,0.001996338367462158,0,0.0006452202796936033,2.196263074874878,0.134
200,0.0011565685272216797,0,-9.727478027343736e-05,2.1845297813415527,0.128
300,0.0011050701141357422,0,-0.00015779137611389156,2.1738600730895996,0.124
400,0.0028014183044433594,0,0.00020093321800231914,2.17136549949646,0.126
500,0.0020316243171691895,0,0.0001715421676635744,2.1764843463897705,0.136
600,-0.00023812055587768555,0,-0.00018628239631652803,2.1728312969207764,0.112
700,0.00018513202667236328,0,-0.0004879415035247806,2.1923577785491943,0.116
800,0.0008044838905334473,0,-0.000584036111831665,2.201817512512207,0.13
900,0.002332150936126709,0,0.00016436576843261683,2.2197749614715576,0.146
1000,0.0017921924591064453,0,0.0006207644939422604,2.220144271850586,0.136
1100,0.0016176700592041016,0,0.0003852784633636476,2.221008777618408,0.142
1200,0.0016288161277770996,0,9.34183597564702e-05,2.2152390480041504,0.148
1300,0.0017611384391784668,0,-0.00013054013252258287,2.2155795097351074,0.142
1400,0.0008833408355712891,0,-0.0001674234867095945,2.194124698638916,0.124
1500,0.0009182095527648926,0,-0.0002144396305084231,2.2027530670166016,0.13
1600,0.0006377696990966797,0,-0.0002825021743774418,2.198509931564331,0.132
1700,5.245208740234375e-05,0,-0.0003662943840026856,2.194354772567749,0.118
1800,0.0003777742385864258,0,-0.00018768906593322787,2.196446418762207,0.128
1900,0.0021033883094787598,0,0.00021103620529174763,2.2092647552490234,0.132
2000,0.0011747479438781738,0,0.0003124892711639407,2.187363862991333,0.124
2100,0.0006609559059143066,0,0.0002013981342315675,2.188997507095337,0.118
2200,0.00046306848526000977,0,-0.00012718439102172863,2.1801087856292725,0.12
2300,4.2498111724853516e-05,0,-0.00048334598541259683,2.1753005981445312,0.112
2400,6.747245788574219e-05,0,-0.00028330087661743186,2.1772632598876953,0.118
2500,0.00041866302490234375,0,-8.801817893981933e-05,2.1866135597229004,0.128
2600,0.0008372664451599121,0,0.00011245608329772925,2.1867499351501465,0.144
2700,0.0013043880462646484,0,0.00032935738563537537,2.1837594509124756,0.136
2800,0.001990675926208496,0,0.00047321319580078005,2.1927621364593506,0.15
2900,0.002505779266357422,0,0.0005327641963958738,2.1860806941986084,0.154
3000,0.0022950172424316406,0,0.000411689281463623,2.1830368041992188,0.146
3100,0.0018996000289916992,0,0.00014947652816772554,2.1833786964416504,0.14
3200,0.0017738938331604004,0,-0.00010397434234619071,2.1891000270843506,0.15
3300,0.0015358924865722656,0,-0.000246089696884156,2.182372808456421,0.134
3400,0.0007292628288269043,0,-0.0003495216369628924,2.1857216358184814,0.136
3500,0.0008561015129089355,0,-0.0003131628036499025,2.184231996536255,0.138
3600,0.00040590763092041016,0,-0.00034157633781433137,2.178126335144043,0.136
3700,0.0011330842971801758,0,-0.00011289715766906712,2.1823220252990723,0.14
3800,0.0014085769653320312,0,0.00016356110572814865,2.1910831928253174,0.148
3900,0.0017217397689819336,0,0.00027339458465576254,2.182774543762207,0.144
4000,0.0019239187240600586,0,0.00036246776580810665,2.190452814102173,0.146
4100,0.0013623833656311035,0,9.739398956298819e-05,2.1935040950775146,0.142
4200,0.0012396574020385742,0,-6.971955299377417e-05,2.1878662109375,0.128
4300,0.0015503168106079102,0,-0.0001027107238769541,2.1713685989379883,0.126
4400,0.0006535053253173828,0,-0.00023528933525085552,2.1865274906158447,0.128
4500,0.0007071495056152344,0,-0.00018966197967529188,2.1769402027130127,0.118
4600,0.0008981227874755859,0,-0.00015262365341186398,2.1858015060424805,0.134
4700,0.0013747215270996094,0,-1.0657310485839436e-05,2.185636281967163,0.15
4800,0.0006235241889953613,0,6.07609748840335e-05,2.1846368312835693,0.144
4900,0.000690460205078125,0,-3.0797719955443756e-05,2.168510913848877,0.134
5000,0.0006595849990844727,0,-0.00011613368988036894,2.186311721801758,0.152
5100,0.001040637493133545,0,-6.321072578430173e-05,2.184595823287964,0.132
5200,0.001469433307647705,0,0.00020419955253601045,2.190150737762451,0.132
5300,0.002565145492553711,0,0.0004559218883514416,2.1919660568237305,0.118
5400,0.001416921615600586,0,0.00030391812324523723,2.189746141433716,0.114
5500,-0.0004024505615234375,0,-0.00029386878013610646,2.176820755004883,0.094
5600,-0.0002046823501586914,0,-0.0006315827369689978,2.1809613704681396,0.104
5700,-0.00038242340087890625,0,-0.0007516741752624511,2.1854140758514404,0.106
5800,0.0006448030471801758,0,-0.00015242099761963334,2.196992874145508,0.13
5900,0.0001437067985534668,0,0.00019418001174926835,2.202113628387451,0.132
6000,0.00034314393997192383,0,0.00016217827796936098,2.19759202003479,0.138
6100,0.00028896331787109375,0,0.00010411143302917458,2.1928043365478516,0.14
6200,0.0002560615539550781,0,-6.322264671325695e-05,2.185710906982422,0.124
6300,-0.00042057037353515625,0,-0.00012156367301940887,2.1709630489349365,0.104
6400,-1.5497207641601562e-05,0,-0.0001426815986633291,2.1686184406280518,0.122
6500,0.0004163980484008789,0,-1.6689300537104136e-06,2.1723334789276123,0.13
6600,0.0005280971527099609,0,0.00013810396194458005,2.178889274597168,0.128
6700,0.0008054971694946289,0,0.00029957294464111214,2.1884942054748535,0.146
6800,0.002079010009765625,0,0.00045781135559081685,2.191138505935669,0.16
6900,0.0022383928298950195,0,0.0005194902420043941,2.194387912750244,0.144
7000,0.0023058652877807617,0,0.0004988431930541974,2.207395076751709,0.146
7100,0.001922011375427246,0,0.0002459883689880373,2.2002718448638916,0.14
7200,0.0020979642868041992,0,-2.784729003906275e-05,2.188832998275757,0.126
7300,0.003527343273162842,0,0.00023699998855590944,2.2030692100524902,0.134
7400,0.0030890703201293945,0,0.0003171741962432902,2.2039554119110107,0.15
7500,0.0019440054893493652,0,0.0001035094261169424,2.19356632232666,0.14
7600,0.002146303653717041,0,-0.00014866590499877598,2.1989874839782715,0.132
7700,0.0022745728492736816,0,-0.0003448307514190678,2.2055087089538574,0.14
7800,0.0009652972221374512,0,-0.00039169788360595846,2.1926097869873047,0.122
7900,0.0016643404960632324,0,-0.00017403364181518575,2.1993391513824463,0.122
8000,0.0013136863708496094,0,-0.00022754669189453284,2.1935229301452637,0.12
8100,0.001139521598815918,0,-0.00019217133522033653,2.192518711090088,0.14
8200,0.001950383186340332,0,0.00014453530311584495,2.180046796798706,0.132
8300,0.0022794008255004883,0,0.00018668174743652233,2.186936855316162,0.14
8400,0.00281369686126709,0,0.0004139900207519534,2.187042474746704,0.126
8500,0.001592397689819336,0,0.00017690658569336078,2.188854694366455,0.14
8600,0.0008925199508666992,0,-0.000280272960662838,2.1819608211517334,0.13
8700,0.0012645721435546875,0,-0.00039508342742920044,2.185058832168579,0.138
8800,0.001213669776916504,0,-0.00035278797149658155,2.164045810699463,0.126
8900,0.0023288726806640625,0,0.00017940998077392196,2.1551899909973145,0.136
9000,0.002490401268005371,0,0.0004260063171386694,2.1500773429870605,0.13
9100,0.0030031204223632812,0,0.0004753828048706056,2.15427827835083,0.126
9200,0.0019199848175048828,0,0.00020868778228759786,2.1734986305236816,0.126
9300,0.0003706216812133789,0,-0.00044869184494018594,2.1903023719787598,0.134
9400,0.0003962516784667969,0,-0.0006820797920227051,2.1896839141845703,0.124
9500,0.001438438892364502,0,-0.00046530961990356464,2.1969263553619385,0.132
9600,0.0033101439476013184,0,0.00038481354713440144,2.2005577087402344,0.14
9700,0.004577219486236572,0,0.001132708787918078,2.1796088218688965,0.14
9800,0.00451350212097168,0,0.001137328147888197,2.1743557453155518,0.14
9900,0.0036589503288269043,0,0.0005644381046295156,2.167330265045166,0.144
10000,0.0013805627822875977,0,-0.00047774314880370697,2.162245512008667,0.126
10100,0.0018411874771118164,0,-0.0008605003356933662,2.1629769802093506,0.122
10200,0.0008597373962402344,0,-0.0009125292301177913,2.1679575443267822,0.116
10300,0.0009065866470336914,0,-0.0006025552749633807,2.1647140979766846,0.12
10400,0.00038361549377441406,0,-0.0002928495407104473,2.170834541320801,0.112
10500,0.0011252760887145996,0,-0.0001907944679260263,2.183655261993408,0.122
10600,0.0015064477920532227,0,0.0001512110233306873,2.1691741943359375,0.132
10700,0.0007765293121337891,0,8.627176284790097e-05,2.1761510372161865,0.138
10800,0.001017451286315918,0,9.189248085022062e-05,2.184049606323242,0.134
10900,0.003017723560333252,0,0.0003295898437499931,2.187988042831421,0.15
11000,0.001895308494567871,0,0.0003018915653228807,2.1786913871765137,0.152
11100,0.002138495445251465,0,0.0003601789474487307,2.177337884902954,0.144
11200,0.0017951726913452148,0,6.762146949768652e-05,2.1691274642944336,0.134
11300,0.0010373592376708984,0,-0.00040608644485472977,2.1677823066711426,0.138
11400,0.0001456737518310547,0,-0.0004600405693054133,2.161116361618042,0.118
11500,0.0003972053527832031,0,-0.0005132079124450682,2.171180009841919,0.118
11600,0.0006066560745239258,0,-0.0003017187118530272,2.1693174839019775,0.11
11700,0.0010623931884765625,0,5.1105022430418254e-05,2.1663291454315186,0.108
11800,0.0012369155883789062,0,0.00028476715087890616,2.162379026412964,0.116
11900,0.002380847930908203,0,0.0004597544670104928,2.162048816680908,0.118
12000,0.0010930299758911133,0,0.00022912025451660113,2.1436851024627686,0.11
12100,4.8160552978515625e-05,0,-0.00021723508834838352,2.16253662109375,0.116
12200,0.00016307830810546875,0,-0.00044803619384765295,2.163325071334839,0.124
12300,0.00035119056701660156,0,-0.000498926639556881,2.1572425365448,0.108
12400,-1.5020370483398438e-05,0,-0.0001913070678710931,2.158856153488159,0.11
12500,0.0013374090194702148,0,0.00024003982543945528,2.1617372035980225,0.106
12600,0.0012211799621582031,0,0.0003102421760559106,2.157397747039795,0.104
12700,-0.00026476383209228516,0,4.2915344238314746e-07,2.159515142440796,0.092
12800,4.506111145019531e-05,0,-0.0001482009887695296,2.163017988204956,0.098
12900,0.00019156932830810547,0,-0.00034677982330322043,2.176539421081543,0.104
13000,0.0005441904067993164,0,-8.976459503173577e-05,2.1987078189849854,0.112
13100,0.0005192160606384277,0,0.00020670890808105393,2.1978187561035156,0.122
13200,0.001274406909942627,0,0.00027863383293151854,2.2022833824157715,0.138
13300,0.0024173855781555176,0,0.0005181849002838226,2.213409185409546,0.148
13400,0.002197086811065674,0,0.0005203962326049805,2.20192813873291,0.15
13500,0.0012602806091308594,0,0.00024048089981079342,2.183180093765259,0.142
13600,0.0005695819854736328,0,-0.00025667548179625284,2.179729461669922,0.13
13700,0.001080155372619629,0,-0.0004301965236663763,2.1797077655792236,0.122
13800,0.0005971193313598633,0,-0.0003380060195922833,2.1749181747436523,0.124
13900,0.00011920928955078125,0,-0.0002254605293273916,2.1723368167877197,0.118
14000,0.00043022632598876953,0,-0.0001239657402038524,2.1829135417938232,0.13
14100,0.0013363957405090332,0,3.4558773040770154e-05,2.197268486022949,0.144
14200,0.0004750490188598633,0,9.730458259582483e-05,2.1861495971679688,0.13
14300,0.0007961392402648926,0,0.0001398682594299315,2.18806529045105,0.126
14400,0.0013510584831237793,0,0.00013014078140258814,2.190772533416748,0.142
14500,0.0004564523696899414,0,-8.838772773742554e-05,2.1849424839019775,0.142
14600,0.0011899471282958984,0,0.00010901093482971123,2.1641685962677,0.13
14700,0.0020917654037475586,0,0.000243014097213736,2.182002067565918,0.154
14800,0.0021445751190185547,0,0.0003222346305847091,2.18062686920166,0.15
14900,0.0026869773864746094,0,0.0005415678024292091,2.186519145965576,0.144
15000,0.001919388771057129,0,0.00020540952682494953,2.196075916290283,0.138
15100,0.0014478564262390137,0,-0.0001513004302978551,2.2042758464813232,0.14
15200,0.0007159709930419922,0,-0.00040963292121887527,2.199345350265503,0.13
15300,0.0003082156181335449,0,-0.0005960941314697299,2.193681001663208,0.122
15400,0.0008138418197631836,0,-0.0003350734710693356,2.1926329135894775,0.13
15500,0.0020714998245239258,0,0.00013451576232910838,2.193587064743042,0.14
15600,0.0013942718505859375,0,0.0003119885921478145,2.192263126373291,0.148
15700,0.0014967918395996094,0,0.00029575824737548855,2.2028017044067383,0.156
15800,0.0012915730476379395,0,3.80754470825224e-05,2.197549343109131,0.156
15900,0.001414656639099121,0,-0.0001416385173797604,2.1994056701660156,0.15
16000,0.0013312101364135742,0,-2.08258628845216e-05,2.196272373199463,0.148
16100,0.0009441375732421875,0,-0.00010656714439392105,2.2007908821105957,0.152
16200,0.0013129711151123047,0,-4.2772293090821534e-05,2.1809751987457275,0.15
16300,0.0012670159339904785,0,-3.135204315185563e-05,2.203831911087036,0.154
16400,0.0006742477416992188,0,-9.910464286804045e-05,2.1912643909454346,0.14
16500,0.0014119148254394531,0,2.9683113098144253e-05,2.1740524768829346,0.138
16600,0.002391219139099121,0,0.00023013949394225645,2.174947500228882,0.14
16700,0.001362919807434082,0,0.00019087791442871422,2.1763832569122314,0.13
16800,0.001821756362915039,0,0.0002246022224426259,2.1505775451660156,0.126
16900,0.0009596347808837891,0,-0.00014740228652954294,2.16031813621521,0.134
17000,0.0006124973297119141,0,-0.00039607286453246816,2.1713314056396484,0.134
17100,0.000244140625,0,-0.00034468173980712604,2.169036626815796,0.13
17200,0.0009772777557373047,0,-0.0002404451370239262,2.1743321418762207,0.132
17300,0.002000272274017334,0,0.0002446055412292563,2.1977996826171875,0.144
17400,0.0024185776710510254,0,0.0005368292331695577,2.2014732360839844,0.152
17500,0.0019885897636413574,0,0.0004930198192596478,2.200127124786377,0.14
17600,0.00392228364944458,0,0.0005878329277038493,2.2004878520965576,0.134
17700,0.0028486251831054688,0,0.0003200411796569829,2.203280448913574,0.152
17800,0.0012302994728088379,0,-0.00015165209770202692,2.181159019470215,0.148
17900,0.001798868179321289,0,-0.0003071427345275838,2.1642704010009766,0.136
18000,0.001763463020324707,0,-0.0005367398262023881,2.170001983642578,0.156
18100,0.0015320777893066406,0,-0.00020999312400818106,2.1649270057678223,0.144
18200,0.0006057024002075195,0,-0.00015159845352172798,2.163588285446167,0.13
18300,0.00012576580047607422,0,-0.0004503965377807729,2.165940523147583,0.122
18400,0.00025200843811035156,0,-0.0004429221153259104,2.170247793197632,0.122
18500,0.0006177425384521484,0,-0.00021823644638061413,2.166069507598877,0.102
18600,0.0005991458892822266,0,4.788637161254678e-05,2.16703462600708,0.122
18700,0.0005966424942016602,0,0.00012888908386230458,2.169349193572998,0.126
18800,0.0013860464096069336,0,0.0002246975898742609,2.1778814792633057,0.13
18900,0.0014580488204956055,0,0.0002467513084411615,2.1755151748657227,0.126
19000,0.0016936063766479492,0,0.00030503273010254006,2.181130886077881,0.132
19100,0.0018987655639648438,0,0.0002911806106567327,2.1729776859283447,0.118
19200,0.001612544059753418,0,8.937120437622045e-05,2.169218063354492,0.124
19300,0.002279043197631836,0,0.00015609264373779976,2.1568057537078857,0.118
19400,0.0008755922317504883,0,-0.000125575065612795,2.1712841987609863,0.126
19500,0.0012210607528686523,0,-0.00020923614501952218,2.1584014892578125,0.128
19600,0.0010552406311035156,0,-0.00021725893020629276,2.1709742546081543,0.134
19700,0.0006220340728759766,0,-0.0003134369850158682,2.174844264984131,0.124
19800,0.00037676095962524414,0,-0.00015966892242431227,2.184908390045166,0.126
19900,0.0015062689781188965,0,-1.0806322097779126e-05,2.1772844791412354,0.134
20000,0.0014031529426574707,0,0.00015800595283508242,2.18880033493042,0.142
20100,0.0006248354911804199,0,0.00010319948196411082,2.181213617324829,0.14
20200,0.0009239912033081055,0,2.130270004272766e-05,2.183058023452759,0.146
20300,0.001825094223022461,0,1.584887504577837e-05,2.1903281211853027,0.168
20400,0.00103074312210083,0,4.554390907287259e-05,2.201085090637207,0.15
20500,0.0010123848915100098,0,8.818507194518948e-05,2.1942577362060547,0.148
20600,0.0011494159698486328,0,-3.618597984314004e-05,2.196396827697754,0.156
20700,0.0012589097023010254,0,-0.00010136961936950894,2.194392204284668,0.158
20800,0.0010982155799865723,0,3.8146972656249695e-05,2.1849071979522705,0.144
20900,0.002338111400604248,0,0.000260025262832645,2.167689085006714,0.156
21000,0.0020264387130737305,0,0.0002833247184753389,2.1660664081573486,0.152
21100,0.0024657249450683594,0,0.00033418536186217567,2.1576123237609863,0.144
21200,0.003060579299926758,0,0.00040523409843445176,2.159792423248291,0.14
21300,0.0023397207260131836,0,0.00010373592376709175,2.1688990592956543,0.142
21400,0.0017325878143310547,0,-7.137060165405308e-05,2.181239128112793,0.146
21500,0.0020619630813598633,0,-0.00021355152130126624,2.1973180770874023,0.156
21600,0.0030881762504577637,0,-2.2256374359138224e-05,2.201744318008423,0.154
21700,0.0021864771842956543,0,0.00010491013526915643,2.195099353790283,0.152
21800,0.0014948844909667969,0,-3.5089254379270885e-05,2.180860757827759,0.148
21900,0.001300811767578125,0,-0.000311559438705456,2.173828125,0.142
22000,0.0011001825332641602,0,-0.0004861652851104793,2.1579172611236572,0.126
22100,0.0004947185516357422,0,-0.00037782192230224036,2.1750636100769043,0.124
22200,0.0005205869674682617,0,-0.00027546882629394246,2.170701026916504,0.12
22300,2.4139881134033203e-05,0,-0.000313293933868406,2.1884825229644775,0.118
22400,9.202957153320312e-05,0,-0.00024868845939636784,2.182088851928711,0.116
22500,0.00012451410293579102,0,-0.00011689662933349747,2.183673143386841,0.122
22600,0.0005156993865966797,0,9.05990600585985e-06,2.1774935722351074,0.132
22700,0.0011442899703979492,0,0.00026639699935912477,2.1746792793273926,0.126
22800,0.0010221004486083984,0,0.0002879917621612512,2.16853666305542,0.128
22900,0.0010863542556762695,0,0.00024300813674926484,2.1785874366760254,0.124
23000,0.0011512041091918945,0,0.0001213073730468754,2.1786136627197266,0.126
23100,0.0010777711868286133,0,-3.9339065551729345e-07,2.1729319095611572,0.122
23200,0.0020436644554138184,0,0.00020345449447631587,2.1873836517333984,0.144
23300,0.001976609230041504,0,0.0002672970294952385,2.1884913444519043,0.142
23400,0.0029379725456237793,0,0.0004472374916076705,2.1857516765594482,0.144
23500,0.001726388931274414,0,0.00021915435791015702,2.1910150051116943,0.146
23600,0.0011939406394958496,0,-0.0001949667930603008,2.192896604537964,0.142
23700,0.0009199976921081543,0,-0.00038572549819944324,2.182796001434326,0.122
23800,0.0010542869567871094,0,-0.0004573762416839576,2.184748649597168,0.13
23900,0.001850724220275879,0,1.0901689529415705e-05,2.184934139251709,0.134
24000,0.0005486011505126953,0,-3.599524497985597e-05,2.186525821685791,0.132
24100,0.0003719329833984375,0,-0.00016018152236937968,2.1967880725860596,0.14
24200,0.0009517669677734375,0,-0.00016838312149047795,2.2017974853515625,0.156
24300,0.0010193586349487305,0,-0.00012595653533936595,2.2005443572998047,0.152
24400,0.0015667080879211426,0,0.0002683639526367043,2.192521333694458,0.15
24500,0.001900315284729004,0,0.0003671705722808813,2.188549041748047,0.15
24600,0.0017643570899963379,0,0.0002506136894226048,2.1882786750793457,0.156
24700,0.0010187029838562012,0,1.963376998901285e-05,2.1826629638671875,0.14
24800,0.0016705989837646484,0,-6.738305091857508e-05,2.174328088760376,0.142
24900,0.001374363899230957,0,-0.00011456608772277933,2.1860878467559814,0.142
25000,0.0008550882339477539,0,-0.0001462876796722379,2.178431272506714,0.14
25100,0.0005869865417480469,0,-0.0001678943634033198,2.1560821533203125,0.12
25200,0.0007541179656982422,0,-0.00026203393936157394,2.1680846214294434,0.138
25300,0.00042629241943359375,0,-0.00019971132278442358,2.172459602355957,0.13
25400,0.0010173320770263672,0,1.6379356384275223e-05,2.168001890182495,0.146
25500,0.0013588666915893555,0,0.00018069744110106505,2.1774837970733643,0.142
25600,0.0010879039764404297,0,0.00016001462936401304,2.173560619354248,0.134
25700,0.0010118484497070312,0,0.00012416839599609434,2.1617066860198975,0.122
25800,0.0018976926803588867,0,0.0001413702964782702,2.173997402191162,0.136
25900,0.0017850995063781738,0,0.0001662254333496223,2.196018934249878,0.142
26000,0.0011630654335021973,0,9.235739707946501e-05,2.1864490509033203,0.142
26100,0.001986861228942871,0,0.00012153983116150231,2.2055606842041016,0.166
26200,0.0018466711044311523,0,9.971857070923579e-06,2.208195924758911,0.162
26300,0.002429485321044922,0,0.00019723773002624492,2.192901849746704,0.15
26400,0.001506209373474121,0,0.00011289119720458917,2.182105541229248,0.138
26500,0.0015860795974731445,0,-0.00011420249938964388,2.1835741996765137,0.142
26600,0.0016276836395263672,0,-0.00012813806533813356,2.1718339920043945,0.128
26700,0.001497030258178711,0,-0.0001743435859680192,2.167612314224243,0.128
26800,0.0017426013946533203,0,3.837347030639586e-05,2.1669185161590576,0.13
26900,0.0006934404373168945,0,-0.0001670360565185517,2.1599512100219727,0.12
27000,0.00020194053649902344,0,-0.00036550760269168177,2.1635842323303223,0.122
27100,0.0006818771362304688,0,-0.0003170967102050716,2.181748390197754,0.132
27200,0.0006875991821289062,0,-0.00021215677261352531,2.1818103790283203,0.144
27300,0.001365065574645996,0,0.0001828908920288062,2.181521415710449,0.138
27400,0.0017167329788208008,0,0.00037127733230590804,2.1846370697021484,0.142
27500,0.0014160871505737305,0,0.0002497553825378377,2.191807746887207,0.132
27600,0.0010181665420532227,0,7.121562957763723e-05,2.1902079582214355,0.136
27700,-0.00012004375457763672,0,-0.00036687850952148805,2.1920711994171143,0.124
27800,0.0009281039237976074,0,-0.00031133890151977103,2.1975278854370117,0.138
27900,0.0016447901725769043,0,3.6734342575062154e-05,2.202678680419922,0.138
28000,0.0029717683792114258,0,0.0005672037601470949,2.2302157878875732,0.142
28100,0.0012943148612976074,0,0.0004872381687164315,2.2138447761535645,0.122
28200,0.0022284984588623047,0,0.00022503137588500524,2.2223803997039795,0.13
28300,0.003839433193206787,0,0.00036460161209106527,2.2156243324279785,0.116
28400,0.002804875373840332,0,0.00022113323211670242,2.2039577960968018,0.112
28500,0.0016233325004577637,0,0.00012344121932983217,2.1714603900909424,0.112
28600,0.0024300813674926758,0,-0.00018129348754882484,2.180332899093628,0.116
28700,0.0025464296340942383,0,-0.0002960801124572731,2.1989219188690186,0.12
28800,0.002046942710876465,0,-5.9276819229126485e-05,2.1999778747558594,0.118
28900,0.0009409785270690918,0,-0.0001747846603393662,2.1940691471099854,0.12
29000,0.0009478330612182617,0,-0.0004569947719573875,2.199302911758423,0.12
29100,0.0011171698570251465,0,-0.00039576292037964795,2.192739725112915,0.122
29200,0.00037539005279541016,0,-0.0003166913986206034,2.164844274520874,0.114
29300,0.0015870332717895508,0,7.19666481018064e-05,2.1693108081817627,0.134
29400,0.0012665987014770508,0,0.00011073946952820227,2.174527883529663,0.132
29500,0.0016607046127319336,0,0.00019782781600951162,2.170126438140869,0.134
29600,0.0018035173416137695,0,0.00029299259185791484,2.180185079574585,0.138
29700,0.0018275976181030273,0,0.00010180473327636515,2.194979429244995,0.148
29800,0.0009762048721313477,0,-4.138946533202544e-05,2.1781351566314697,0.132
29900,0.0009295940399169922,0,-0.00022895336151123656,2.178605079650879,0.132
30000,0.002727985382080078,0,9.50932502746595e-05,2.164283037185669,0.14
30100,0.002519965171813965,0,0.000313651561737038,2.1709516048431396,0.152
30200,0.0020285844802856445,0,0.00036951303482056757,2.1702628135681152,0.142
30300,0.0009567737579345703,0,-6.450414657593572e-05,2.183645248413086,0.144
30400,0.001272737979888916,0,-0.00044736862182617347,2.1981868743896484,0.154
30500,0.0015857815742492676,0,-0.00026242136955261256,2.2042667865753174,0.138
30600,0.0006107687950134277,0,-0.00022066235542297184,2.2004644870758057,0.126
30700,0.0002865791320800781,0,-0.00020023584365844207,2.193988561630249,0.13
30800,-0.00012373924255371094,0,-0.00040921568870544103,2.1895933151245117,0.13
30900,-6.54458999633789e-05,0,-0.0004036962985992533,2.1731014251708984,0.126
31000,0.000278472900390625,0,-0.00010166168212890366,2.181161880493164,0.134
31100,0.0012369155883789062,0,0.0002302885055541952,2.1673882007598877,0.134
31200,0.0009875297546386719,0,0.0003524899482726986,2.169347047805786,0.128
31300,0.00167083740234375,0,0.0004181623458862203,2.1820647716522217,0.136
31400,0.0018758177757263184,0,0.00036286115646363395,2.1878674030303955,0.124
31500,0.0013094544410705566,0,0.00010333657264709451,2.187143564224243,0.126
31600,0.001336514949798584,0,3.365874290466391e-05,2.1954598426818848,0.132
31700,0.00040435791015625,0,-0.00030722618103027743,2.189540147781372,0.134
31800,0.0006430149078369141,0,-0.0003370702266693119,2.189366340637207,0.136
31900,0.0014624595642089844,0,-3.874897956847922e-05,2.205461263656616,0.142
32000,0.0010313987731933594,0,4.478693008422637e-05,2.200333595275879,0.13
32100,0.0011821985244750977,0,0.00019440650939941755,2.2027151584625244,0.132
32200,0.0024518966674804688,0,0.00033375024795531867,2.2012908458709717,0.14
32300,0.001325845718383789,0,0.00011472702026367617,2.198777437210083,0.13
32400,0.0004209280014038086,0,-0.00010772943496703832,2.179025411605835,0.136
32500,0.0011427998542785645,0,-0.00021097660064695143,2.1909990310668945,0.152
32600,0.0012567639350891113,0,-0.0002573311328887897,2.1918301582336426,0.148
32700,0.0017501115798950195,0,0.0001684367656707639,2.1977851390838623,0.15
32800,0.0021825432777404785,0,0.00041305422782897166,2.184890031814575,0.156
32900,0.0016223788261413574,0,0.0001884937286376938,2.183724880218506,0.148
33000,0.0013009309768676758,0,-3.939867019650977e-06,2.172562599182129,0.146
33100,0.0020682811737060547,0,-2.4527311325074875e-05,2.183623790740967,0.154
33200,0.0023527145385742188,0,7.86244869232286e-05,2.179244041442871,0.16
33300,0.002047419548034668,0,0.00019018650054931227,2.207249879837036,0.162
33400,0.0021932125091552734,0,0.0001763701438903832,2.2035953998565674,0.158
33500,0.002283453941345215,0,2.7084350585938068e-05,2.2030317783355713,0.154
33600,0.0017532110214233398,0,-9.629726409912045e-05,2.187180757522583,0.136
33700,0.0015802383422851562,0,-0.00013743638992309707,2.1851046085357666,0.13
33800,0.0003814697265625,0,-0.00043267011642456456,2.1719257831573486,0.118
33900,0.0010834932327270508,0,-0.00037716627120972423,2.1823649406433105,0.114
34000,0.0011801719665527344,0,-0.00016428232192992854,2.1887805461883545,0.12
34100,0.0021975040435791016,0,0.00020332336425781352,2.2004895210266113,0.124
34200,0.0016437768936157227,0,0.00036386251449584177,2.204899311065674,0.12
34300,0.00042444467544555664,0,-8.544921874999201e-05,2.1893105506896973,0.12
34400,0.0007012486457824707,0,-0.00027309060096740245,2.189014434814453,0.124
34500,0.0005952715873718262,0,-0.0004146993160247697,2.1854169368743896,0.122
34600,0.0009962916374206543,0,-0.00011241436004638193,2.186370372772217,0.13
34700,0.001477956771850586,0,0.000240206718444825,2.180152416229248,0.124
34800,0.002201080322265625,0,0.000388234853744489,2.191178321838379,0.14
34900,0.002374887466430664,0,0.0004764020442962552,2.1912312507629395,0.144
35000,0.002559483051300049,0,0.0004023313522338844,2.2010507583618164,0.164
35100,0.0015932917594909668,0,5.890727043151869e-05,2.182622194290161,0.156
35200,0.002888619899749756,0,5.934834480285978e-05,2.193432092666626,0.174
35300,0.003552675247192383,0,0.00026847124099731694,2.1971466541290283,0.166
35400,0.0035033226013183594,0,0.00038470625877383885,2.208951473236084,0.172
35500,0.0015342235565185547,0,4.965662956237813e-05,2.184617519378662,0.14
35600,0.0017951726913452148,0,-0.000420534610748291,2.1910479068756104,0.152
35700,0.0010020732879638672,0,-0.0006809353828429895,2.1840126514434814,0.132
35800,0.0006666183471679688,0,-0.0006205558776855475,2.168329954147339,0.124
35900,0.0025027990341186523,0,8.08596611022923e-05,2.1412606239318848,0.112
36000,0.0012067556381225586,0,3.2389163970950144e-05,2.156506299972534,0.126
36100,0.0008916854858398438,0,3.193616867066405e-05,2.16485595703125,0.12
36200,0.0005844831466674805,0,-0.00017753839492796515,2.161741018295288,0.116
36300,0.0007047653198242188,0,-0.000421833992004402,2.1708791255950928,0.126
36400,0.0008143186569213867,0,-9.71794128417977e-05,2.17759370803833,0.124
36500,0.0010052919387817383,0,4.570484161376247e-05,2.1765880584716797,0.116
36600,0.0004974603652954102,0,1.2648105621339194e-05,2.1649863719940186,0.106
36700,-0.0003529787063598633,0,-0.0002432346343994134,2.1542375087738037,0.108
36800,-3.504753112792969e-05,0,-0.0003057003021240327,2.140523910522461,0.096
36900,0.0010045766830444336,0,-5.339384078979762e-05,2.1452419757843018,0.108
37000,0.0009042024612426758,0,0.00021710395812989312,2.146200180053711,0.114
37100,0.0013306140899658203,0,0.00043064355850221076,2.158440113067627,0.128
37200,0.000583648681640625,0,0.00015634298324585332,2.1657516956329346,0.13
37300,0.00016736984252929688,0,-0.00019949674606321773,2.1781504154205322,0.132
37400,3.4928321838378906e-05,0,-0.0002901792526245008,2.179884433746338,0.13
37500,-0.00024878978729248047,0,-0.00037075281143185526,2.1811976432800293,0.13
37600,-1.704692840576172e-05,0,-0.0001617550849914516,2.1795434951782227,0.136
37700,0.00022363662719726562,0,6.055831909180827e-06,2.190676212310791,0.146
37800,0.0007082223892211914,0,0.00018190145492553913,2.200416088104248,0.152
37900,0.0006973743438720703,0,0.00026175975799559346,2.1941754817962646,0.142
38000,0.002657175064086914,0,0.0005822181701660337,2.1876442432403564,0.142
38100,0.0015708208084106445,0,0.0004643321037292501,2.180243968963623,0.12
38200,0.0022240877151489258,0,0.0003905177116394081,2.179032802581787,0.108
38300,0.0009282827377319336,0,2.8729438781445286e-06,2.1724483966827393,0.106
38400,0.00012624263763427734,0,-0.000570440292358395,2.1750588417053223,0.108
38500,0.0012732148170471191,0,-0.0002693057060241762,2.186225175857544,0.098
38600,0.002052009105682373,0,7.748603820522563e-08,2.19248104095459,0.11
38700,0.0016562938690185547,0,0.00033817887306214104,2.193920373916626,0.118
38800,0.0010296106338500977,0,0.0002189815044403077,2.181903123855591,0.116
38900,0.0010993480682373047,0,-0.00013701319694518592,2.185061454772949,0.13
39000,0.0016233325004577637,0,-0.00014142990112304846,2.1807992458343506,0.146
39100,0.0020409822463989258,0,0.00013630986213683855,2.1834113597869873,0.148
39200,0.001941084861755371,0,0.00027645826339720323,2.1855568885803223,0.158
39300,0.0014096498489379883,0,9.38355922698949e-05,2.1878340244293213,0.154
39400,0.0014117956161499023,0,-0.00010544061660766611,2.1810877323150635,0.142
39500,0.0012744665145874023,0,-0.00020623207092284717,2.1773452758789062,0.134
39600,0.0006872415542602539,0,-0.00026428699493408024,2.1733717918395996,0.144
39700,0.0005788803100585938,0,-0.00023860931396482794,2.1771626472473145,0.13
39800,0.0005880594253540039,0,-0.00023430585861206434,2.185035228729248,0.134
39900,0.0011747479438781738,0,-2.986192703246756e-05,2.1931815147399902,0.142
40000,0.0008826851844787598,0,9.86754894256633e-05,2.193903923034668,0.142
40100,0.0012320280075073242,0,0.000160092115402224,2.199331521987915,0.142
40200,0.0015351176261901855,0,0.00019513964653015278,2.1995298862457275,0.158
40300,0.0021972060203552246,0,0.00026973485946655835,2.2057738304138184,0.17
40400,0.002651989459991455,0,0.00045037865638733156,2.2139596939086914,0.16
40500,0.005697965621948242,0,0.0010048747062683166,2.2224066257476807,0.158
40600,0.004265189170837402,0,0.0008960902690887663,2.224069833755493,0.14
40700,0.0033446550369262695,0,0.00039080977439880446,2.226480484008789,0.15
40800,0.001998007297515869,0,-0.00036612749099734467,2.2151432037353516,0.136
40900,0.0011880993843078613,0,-0.0011286914348602535,2.2075252532958984,0.14
41000,0.002452373504638672,0,-0.0005782186985015858,2.1961545944213867,0.154
41100,0.0040732622146606445,0,0.00019115805625917196,2.2010064125061035,0.172
41200,0.002694845199584961,0,0.0004278838634490804,2.191716194152832,0.15
41300,0.0013797879219055176,0,6.258487701419001e-05,2.1908202171325684,0.144
41400,0.0017180442810058594,0,-0.00041621327400210553,2.183096408843994,0.148
41500,0.001689910888671875,0,-0.0005743503570556804,2.1790950298309326,0.128
41600,0.002004265785217285,0,-0.00010710358619690973,2.1629741191864014,0.124
41700,0.0025949478149414062,0,0.0002716541290283159,2.15805721282959,0.114
41800,0.001112222671508789,0,-3.0660629272464704e-05,2.1540517807006836,0.12
41900,0.0015990138053894043,0,-0.0001073837280273465,2.175868511199951,0.126
42000,0.0013935565948486328,0,-0.00022173523902893172,2.1745564937591553,0.128
42100,0.001229405403137207,0,-0.0002449750900268557,2.1884336471557617,0.12
42200,0.0016309022903442383,0,6.677508354187045e-05,2.1910173892974854,0.128
42300,0.0015944242477416992,0,2.2816658020013074e-05,2.1988391876220703,0.142
42400,0.0025763511657714844,0,0.0002730607986450048,2.1793129444122314,0.136
42500,0.0014334917068481445,0,0.00013536214828490888,2.181008815765381,0.146
42600,0.0019464492797851562,0,4.7016143798827045e-05,2.1692538261413574,0.154
42700,0.0019822120666503906,0,1.4567375183106194e-05,2.1644020080566406,0.156
42800,0.0010215044021606445,0,-0.000256097316741946,2.174257516860962,0.144
42900,0.0015735626220703125,0,-6.448030471802961e-05,2.1792891025543213,0.156
43000,0.0018999576568603516,0,-5.016326904296877e-05,2.174595355987549,0.154
43100,0.0009080171585083008,0,-0.00012699365615844693,2.177863359451294,0.142
43200,0.0010128021240234375,0,-6.829500198362601e-05,2.1809370517730713,0.134
43300,0.001867055892944336,0,-3.0016899108889583e-05,2.1815545558929443,0.142
43400,0.002560734748840332,0,0.00022805929183958857,2.1730849742889404,0.128
43500,0.0019463300704956055,0,0.0003624558448791405,2.1812267303466797,0.126
43600,0.0015740394592285156,0,0.00012017488479615302,2.178466320037842,0.142
43700,0.00196230411529541,0,-7.961988449097006e-05,2.180971622467041,0.152
43800,0.0022701025009155273,0,-5.652904510497888e-05,2.1797356605529785,0.15
43900,0.002425670623779297,0,0.00016547441482544383,2.213643789291382,0.148
44000,0.001966416835784912,0,0.0001248121261596672,2.209427833557129,0.138
44100,0.0014854669570922852,0,-0.00012573599815367967,2.197253704071045,0.12
44200,0.0006685256958007812,0,-0.00041433572769165026,2.2026467323303223,0.114
44300,0.000672757625579834,0,-0.0004803717136383026,2.2074198722839355,0.124
44400,0.0006555914878845215,0,-0.00034343600273131525,2.1876394748687744,0.138
44500,0.001804947853088379,0,6.260275840756628e-05,2.1895244121551514,0.148
44600,0.0026158690452575684,0,0.0005026876926422214,2.20770001411438,0.16
44700,0.0025721192359924316,0,0.0005759000778198519,2.202108383178711,0.166
44800,0.0018047094345092773,0,0.00030654072761535756,2.188863515853882,0.154
44900,0.000811159610748291,0,-0.0002798736095428269,2.191997528076172,0.142
45000,0.00037473440170288086,0,-0.0006243228912353177,2.190448522567749,0.136
45100,0.000771641731262207,0,-0.0005030930042266801,2.1725780963897705,0.122
45200,0.0011506080627441406,0,-0.0001347720623016381,2.1580471992492676,0.108
45300,0.00040411949157714844,0,-3.8206577301029275e-06,2.1598379611968994,0.118
45400,0.0008935928344726562,0,6.701946258545326e-05,2.149822950363159,0.12
45500,0.0011241436004638672,0,4.479885101318141e-05,2.1670355796813965,0.116
45600,0.0004159212112426758,0,-7.493495941162305e-05,2.177311420440674,0.122
45700,0.0003249645233154297,0,-6.359815597534964e-05,2.1793980598449707,0.122
45800,0.0008568763732910156,0,-8.726119995117545e-05,2.1872782707214355,0.114
45900,0.0007755160331726074,0,-2.5629997253414387e-05,2.193324089050293,0.108
46000,0.00016415119171142578,0,-5.298852920531777e-06,2.1764094829559326,0.114
46100,0.0017244815826416016,0,0.00021063089370726678,2.179081916809082,0.112
46200,0.0013169050216674805,0,0.00018690228462218774,2.198014736175537,0.128
46300,0.001995682716369629,0,0.00035930871963500477,2.1896116733551025,0.128
46400,0.002077937126159668,0,0.00040987730026244556,2.1846137046813965,0.122
46500,0.0023905038833618164,0,0.00020930767059324708,2.197195291519165,0.134
46600,0.0009448528289794922,0,-3.4928321838377036e-05,2.1817433834075928,0.14
46700,0.0006750822067260742,0,-0.00037742853164671577,2.167862892150879,0.132
46800,0.0006157755851745605,0,-0.00046397447586055194,2.1855742931365967,0.15
46900,0.0015887618064880371,0,-0.0001932561397552545,2.192732810974121,0.158
47000,0.0015042424201965332,0,0.00020324587821960214,2.1965012550354004,0.144
47100,0.0032425522804260254,0,0.0006023406982421423,2.211846113204956,0.142
47200,0.003922164440155029,0,0.0008266568183898022,2.215406894683838,0.148
47300,0.001644730567932129,0,0.0002529859542846645,2.194265365600586,0.128
47400,0.0015350580215454102,0,-0.00015361905097960722,2.2239394187927246,0.132
47500,0.0011417865753173828,0,-0.0006588637828826808,2.2041897773742676,0.138
47600,0.00200498104095459,0,-0.00043373107910156636,2.1884665489196777,0.134
47700,0.0026701688766479492,0,0.00025207996368407855,2.192629814147949,0.142
47800,0.003549337387084961,0,0.0005556941032409555,2.194868564605713,0.14
47900,0.002415776252746582,0,0.0004092335700988819,2.1588220596313477,0.142
48000,0.001901388168334961,0,-4.615783691404464e-05,2.1859233379364014,0.14
48100,0.0021345019340515137,0,-0.0002719283103943179,2.196443557739258,0.158
48200,0.001096487045288086,0,-0.0005186975002288383,2.183199882507324,0.142
48300,0.0009419918060302734,0,-0.00037524700164795477,2.184840679168701,0.144
48400,0.0018034577369689941,0,-0.0001388370990753168,2.194052219390869,0.144
48500,0.0026242733001708984,0,0.00016865134239196474,2.1737961769104004,0.15
48600,0.0038796663284301758,0,0.0007248640060424522,2.1853628158569336,0.144
48700,0.0034349560737609863,0,0.0007062137126922452,2.1926369667053223,0.156
48800,0.0030799508094787598,0,0.0003363668918609773,2.197620391845703,0.164
48900,0.0022984743118286133,0,-0.00014513134956359826,2.190028667449951,0.172
49000,0.002559483051300049,0,-0.00037768483161926394,2.1961865425109863,0.156
49100,0.0012947320938110352,0,-0.00048009157180785165,2.1830148696899414,0.154
49200,0.0016241073608398438,0,-0.00039154291152953137,2.1911556720733643,0.156
49300,0.00144118070602417,0,-0.00026499629020691675,2.195206642150879,0.158
49400,0.0013254880905151367,0,-0.00023215413093567093,2.204885482788086,0.148
49500,0.0016113519668579102,0,3.346204757690287e-05,2.2000527381896973,0.152
49600,0.0021200180053710938,0,0.00011619925498962435,2.196117639541626,0.146
49700,0.001276254653930664,0,4.6467781066893455e-05,2.185131072998047,0.128
49800,0.0010489225387573242,0,-8.882284164428302e-05,2.1854522228240967,0.116
49900,0.0012139081954956055,0,-0.00018659830093384631,2.1846697330474854,0.124
50000,0.0020530223846435547,0,-1.96337699890234e-05,2.1892173290252686,0.134
50100,0.001340627670288086,0,0.0001132845878600974,2.188861608505249,0.132
50200,0.0014096498489379883,0,8.481740951537912e-05,2.1902642250061035,0.142
50300,0.00044476985931396484,0,-0.00021816492080692875,2.1810903549194336,0.132
50400,9.655952453613281e-05,0,-0.000480878353118902,2.163058280944824,0.122
50500,0.0001842975616455078,0,-0.0003625750541687026,2.1645736694335938,0.128
50600,0.0011001825332641602,0,-8.794069290161381e-05,2.174473524093628,0.142
50700,0.0018625855445861816,0,0.0003839254379272132,2.18361234664917,0.142
50800,0.0036543607711791992,0,0.0008793890476226485,2.190687894821167,0.15
50900,0.0032030344009399414,0,0.0008591651916503829,2.1931474208831787,0.146
51000,0.002036571502685547,0,0.0003213226795196468,2.1988890171051025,0.142
51100,0.0005853176116943359,0,-0.0004172325134277526,2.1878249645233154,0.122
51200,0.0008841753005981445,0,-0.00081580877304075,2.187737226486206,0.12
51300,0.0003426074981689453,0,-0.0006873250007629569,2.1837923526763916,0.126
51400,0.001150369644165039,0,-0.00020151138305663665,2.2048521041870117,0.146
51500,0.001658022403717041,0,0.0002411603927612486,2.2070209980010986,0.144
51600,0.002515077590942383,0,0.0004577219486237252,2.2171905040740967,0.15
51700,0.0019739270210266113,0,0.0004627346992492594,2.212613105773926,0.148
51800,0.001784205436706543,0,0.00015835762023926002,2.207578420639038,0.14
51900,0.000496983528137207,0,-0.0003052949905395631,2.18306040763855,0.114
52000,0.0035191774368286133,0,5.312561988831301e-05,2.155970573425293,0.102
52100,0.006217002868652344,0,0.0010221123695373863,2.133730411529541,0.094
52200,0.002842426300048828,0,0.000783646106719931,2.1323983669281006,0.096
52300,0.0006335973739624023,0,-4.0352344512953534e-05,2.1554131507873535,0.098
52400,0.0005819797515869141,0,-0.0011457800865173296,2.1588330268859863,0.102
52500,-9.059906005859375e-06,0,-0.0014712572097778569,2.177241325378418,0.114
52600,-0.00035178661346435547,0,-0.0007031083106994457,2.186208724975586,0.114
52700,0.000691533088684082,0,-8.178949356079118e-05,2.1875970363616943,0.114
52800,0.0006939172744750977,0,9.244680404664623e-05,2.176461696624756,0.12
52900,0.0010840892791748047,0,0.0003232002258300585,2.1779086589813232,0.126
53000,0.0006341934204101562,0,0.00023645162582397025,2.197615146636963,0.122
53100,0.0019762516021728516,0,0.00025097131729123035,2.20512318611145,0.14
53200,0.0013729333877563477,0,0.0002250194549560376,2.2080960273742676,0.136
53300,0.0013450980186462402,0,0.00012607574462890258,2.207526683807373,0.134
53400,0.0022462010383605957,0,0.000259286165237431,2.20520281791687,0.136
53500,0.0022307634353637695,0,0.00013822913169861615,2.176571846008301,0.13
53600,0.000758051872253418,0,-3.440976142882839e-05,2.162461996078491,0.11
53700,0.001030564308166504,0,-0.0002117216587066408,2.1659979820251465,0.116
53800,0.0010046958923339844,0,-0.00036832094192504344,2.1685476303100586,0.102
53900,0.001007676124572754,0,-0.00021995306015014262,2.1726198196411133,0.106
54000,0.0011061429977416992,0,6.732940673828108e-05,2.1817097663879395,0.118
54100,0.0019704103469848633,0,0.00019811391830444679,2.182464599609375,0.138
54200,0.0025463104248046875,0,0.00040459632873534246,2.185645818710327,0.146
54300,0.002112269401550293,0,0.0003649353981018161,2.181380271911621,0.158
54400,0.0014988183975219727,0,9.272098541259859e-05,2.178149461746216,0.152
54500,0.0005106925964355469,0,-0.00039669275283813745,2.1801159381866455,0.144
54600,0.00019294023513793945,0,-0.0006308317184448184,2.1783530712127686,0.128
54700,3.421306610107422e-05,0,-0.0005461990833282291,2.164361000061035,0.122
54800,0.00036203861236572266,0,-0.00027500391006469505,2.1631157398223877,0.126
54900,0.0010851621627807617,0,0.00013180375099181612,2.161851406097412,0.13
55000,0.0010113716125488281,0,0.00026878118515015524,2.1604251861572266,0.134
55100,0.0018295645713806152,0,0.00042400360107421563,2.1815083026885986,0.146
55200,0.0025095343589782715,0,0.0005039393901824818,2.1921753883361816,0.15
55300,0.0026590824127197266,0,0.00046460032463073903,2.19346284866333,0.144
55400,0.00338900089263916,0,0.0005584776401519705,2.1986827850341797,0.136
55500,0.003504037857055664,0,0.0004228413105010878,2.2024412155151367,0.136
55600,0.002895355224609375,0,0.00016165971755981282,2.1937103271484375,0.132
55700,0.0028026700019836426,0,-2.0647048950202548e-05,2.195082664489746,0.124
55800,0.0032973289489746094,0,-8.847117424011108e-05,2.20300030708313,0.128
55900,0.003651142120361328,0,6.961822509764858e-05,2.2048301696777344,0.132
56000,0.002403557300567627,0,-1.3512372970571574e-05,2.192844867706299,0.122
56100,0.0024849772453308105,0,-0.00015291571617126278,2.191046714782715,0.12
56200,0.0019835233688354492,0,-0.0003793776035308782,2.1795566082000732,0.12
56300,0.0016863346099853516,0,-0.00043496489524841363,2.1610400676727295,0.112
56400,0.0012508630752563477,0,-0.00031040310859678483,2.1619677543640137,0.116
56500,0.0011886358261108398,0,-0.00033253431320189313,2.1697826385498047,0.126
56600,0.001741170883178711,0,-9.82403755187983e-05,2.1523995399475098,0.12
56700,0.0017325878143310547,0,5.828142166137638e-05,2.159184694290161,0.112
56800,0.002329111099243164,0,0.0002700448036193976,2.1617331504821777,0.114
56900,0.0022927522659301758,0,0.00027961730957030436,2.168459415435791,0.106
57000,0.000743865966796875,0,-0.00014344453811646792,2.181351661682129,0.118
57100,0.0005066394805908203,0,-0.0004037141799927103,2.193215847015381,0.118
57200,0.000783085823059082,0,-0.0004878163337707782,2.189737558364868,0.126
57300,0.0006549358367919922,0,-0.0003236413002014105,2.1932930946350098,0.126
57400,0.001149296760559082,0,9.59157943725464e-05,2.1786739826202393,0.122
57500,0.001131296157836914,0,0.00016155242919921819,2.161714553833008,0.104
57600,0.0006802082061767578,0,2.7060508728029678e-05,2.164426803588867,0.106
57700,8.273124694824219e-05,0,-0.00016134977340697134,2.1606948375701904,0.1
57800,5.7578086853027344e-05,0,-0.00032320022583007035,2.1648125648498535,0.102
57900,0.000331878662109375,0,-0.00022214651107787904,2.163585662841797,0.108
58000,0.00029027462005615234,0,-5.307197570801508e-05,2.169792413711548,0.104
58100,0.0009508132934570312,0,0.00019688606262207044,2.172581672668457,0.1
58200,0.0022035837173461914,0,0.0004910945892334052,2.175978660583496,0.118
58300,0.0024285316467285156,0,0.0006106615066527994,2.179745674133301,0.132
58400,0.002752959728240967,0,0.0006403088569641214,2.1958374977111816,0.132
58500,0.0025748014450073242,0,0.0003797352313995375,2.188060760498047,0.138
58600,0.0019289255142211914,0,-4.0304660797117964e-05,2.195070505142212,0.144
58700,0.002218008041381836,0,-0.00012450814247132663,2.1948812007904053,0.126
58800,0.0008761286735534668,0,-0.0004110455513000489,2.1916685104370117,0.112
58900,0.00027883052825927734,0,-0.0005644738674164286,2.1791458129882812,0.116
59000,0.0010924339294433594,0,-0.0003612160682678131,2.185553550720215,0.12
59100,0.001048743724822998,0,-0.0002122223377227847,2.173274278640747,0.11
59200,0.001179814338684082,0,0.00013772845268251167,2.1633143424987793,0.114
59300,0.0006344318389892578,0,7.985830307006668e-05,2.162203073501587,0.12
59400,0.00014734268188476562,0,-0.00023044943809509983,2.1663689613342285,0.114
59500,0.0004945993423461914,0,-0.00021407604217529332,2.1672985553741455,0.112
59600,0.00034546852111816406,0,-0.00018085241317749055,2.168633222579956,0.118
59700,0.0005804300308227539,0,9.012222290041515e-06,2.1720941066741943,0.114
59800,0.0007150173187255859,0,0.00012211799621581357,2.164518117904663,0.114
59900,0.0017559528350830078,0,0.0002892255783080926,2.1591880321502686,0.122
60000,0.0005668401718139648,0,0.00016182661056518433,2.155916929244995,0.114
60100,0.0008368492126464844,0,3.646612167357927e-05,2.157055377960205,0.122
60200,0.0011477470397949219,0,-5.364418029789222e-06,2.1612513065338135,0.122
60300,0.0007780790328979492,0,-0.00013748407363892284,2.1652374267578125,0.11
60400,0.000298917293548584,0,-5.946159362793564e-05,2.1797637939453125,0.114
60500,0.0005645751953125,0,-0.0001393377780914093,2.1804347038269043,0.12
60600,0.0005226731300354004,0,-0.0001463651657104518,2.1889913082122803,0.118
60700,0.000820159912109375,0,3.079175949096097e-05,2.1880602836608887,0.124
60800,0.0014284253120422363,0,0.00025146007537841234,2.192636489868164,0.144
60900,0.0018026232719421387,0,0.0003381848335265949,2.185906410217285,0.146
61000,0.0022449493408203125,0,0.00044270157814024286,2.189913034439087,0.144
61100,0.002852916717529297,0,0.00048820376396177957,2.1834099292755127,0.152
61200,0.0016628503799438477,0,0.00015191435813903523,2.183671474456787,0.136
61300,0.0006977319717407227,0,-0.00027918815612797116,2.1887762546539307,0.126
61400,0.001903235912322998,0,-0.00028386116027831585,2.2004740238189697,0.12
61500,0.0020835399627685547,0,-0.00012983679771423964,2.199732542037964,0.128
61600,0.0029720067977905273,0,0.00040041208267207654,2.1947100162506104,0.11
61700,0.004723310470581055,0,0.0009119927883148419,2.199523687362671,0.128
61800,0.00430673360824585,0,0.0007446765899657805,2.2042057514190674,0.128
61900,0.004140019416809082,0,0.0005447685718536519,2.2077338695526123,0.148
62000,0.0028412342071533203,0,-8.448362350462041e-05,2.2004077434539795,0.134
62100,0.002857029438018799,0,-0.0005198061466217188,2.204270839691162,0.146
62200,0.004177570343017578,0,-0.0001541316509246806,2.2159340381622314,0.156
62300,0.0017334222793579102,0,-0.00034768581390381113,2.193582057952881,0.15
62400,0.0007076263427734375,0,-0.0005390822887419973,2.1658451557159424,0.122
62500,0.0006692409515380859,0,-0.0007845520973205365,2.172569751739502,0.136
62600,0.00028765201568603516,0,-0.0008844017982482606,2.1737523078918457,0.134
62700,-0.00010395050048828125,0,-0.0004094719886779831,2.1666457653045654,0.12
62800,9.429454803466797e-05,0,-0.00019998550415038248,2.1718695163726807,0.12
62900,0.001622319221496582,0,0.00017127990722659077,2.1812193393707275,0.126
63000,0.001359701156616211,0,0.000387036800384499,2.17144775390625,0.12
63100,0.0012824535369873047,0,0.0004038214683532632,2.168018102645874,0.11
63200,0.000699162483215332,0,8.69870185852161e-05,2.1604413986206055,0.114
63300,0.00017642974853515625,0,-0.0003552317619323617,2.171612024307251,0.12
63400,-5.960464477539062e-07,0,-0.0003826618194580058,2.170454263687134,0.112
63500,0.00011098384857177734,0,-0.0003042697906494031,2.1690547466278076,0.108
63600,0.0009551048278808594,0,4.4643878936772837e-05,2.1748318672180176,0.128
63700,0.0007987022399902344,0,0.00022002458572386007,2.174434185028076,0.118
63800,0.0016548633575439453,0,0.0003998637199401427,2.183319568634033,0.132
63900,0.0017234086990356445,0,0.0003924608230590667,2.1794638633728027,0.138
64000,0.0017408132553100586,0,0.0002496123313903678,2.192091703414917,0.144
64100,0.0012879371643066406,0,0.00010644197463989335,2.192258596420288,0.128
64200,0.000575721263885498,0,-0.00025937557220459816,2.1914708614349365,0.136
64300,-0.0001112222671508789,0,-0.00048343539237972663,2.182164192199707,0.12
64400,0.0002090930938720703,0,-0.00044625997543332885,2.177844524383545,0.126
64500,0.0008739233016967773,0,-0.00011946558952331591,2.1806459426879883,0.144
64600,0.001088857650756836,0,0.00020114183425904838,2.1869583129882812,0.148
64700,0.0009396076202392578,0,0.0002981424331665071,2.1942405700683594,0.15
64800,0.0009504556655883789,0,0.00015484094619751354,2.192117691040039,0.158
64900,0.0017549991607666016,0,0.0001623749732971083,2.1916420459747314,0.152
65000,0.000530242919921875,0,-3.018379211426173e-05,2.181506872177124,0.134
65100,0.0008705854415893555,0,-5.58257102966193e-05,2.1721699237823486,0.134
65200,0.001810312271118164,0,8.352994918823918e-05,2.1623666286468506,0.132
65300,0.001799464225769043,0,0.00013689994812009592,2.1590957641601562,0.124
65400,0.0033968091011047363,0,0.0006662011146544827,2.1857564449310303,0.138
65500,0.0025482177734375,0,0.000494176149368324,2.1923482418060303,0.142
65600,0.0029433369636535645,0,0.00030148029327393565,2.1889920234680176,0.144
65700,0.0016325116157531738,0,-7.873773574831453e-05,2.1970458030700684,0.142
65800,0.0013284087181091309,0,-0.0005052506923675018,2.196976900100708,0.142
65900,0.0013808012008666992,0,-0.0003949761390685676,2.1881885528564453,0.128
66000,0.0011709928512573242,0,-0.00037963986396790533,2.1877026557922363,0.124
66100,0.002058684825897217,0,6.949305534362521e-05,2.187363386154175,0.122
66200,0.0023389458656311035,0,0.00026989579200744295,2.1839942932128906,0.126
66300,0.0037851333618164062,0,0.0005976617336272761,2.1868138313293457,0.132
66400,0.003081977367401123,0,0.0005548417568206599,2.1741673946380615,0.132
66500,0.002782464027404785,0,0.00021905899047851158,2.175429582595825,0.132
66600,0.0025832056999206543,0,-5.1414966583260106e-05,2.1801810264587402,0.134
66700,0.0033147335052490234,0,-0.00014395713806152698,2.1666533946990967,0.132
66800,0.0015174150466918945,0,-0.00025968551635743837,2.1784558296203613,0.13
66900,0.0014292001724243164,0,-0.00037723183631896054,2.1726913452148438,0.13
67000,0.00012755393981933594,0,-0.0006796836853026796,2.1717770099639893,0.124
67100,-0.0001392364501953125,0,-0.0008297801017761275,2.166073799133301,0.128
67200,0.0012402534484863281,0,-0.00021227598190307677,2.182560682296753,0.138
67300,0.0022363662719726562,0,0.00027270317077638024,2.169200897216797,0.134
67400,0.0033729076385498047,0,0.0008866310119628743,2.1797842979431152,0.134
67500,0.002195894718170166,0,0.0006802916526794928,2.1846795082092285,0.134
67600,0.0027121901512145996,0,0.0002903401851654055,2.186866283416748,0.126
67700,0.0001728534698486328,0,-0.00047877430915838277,2.183608293533325,0.118
67800,9.882450103759766e-05,0,-0.0008571207523345378,2.181640148162842,0.12
67900,0.0008367300033569336,0,-0.0005331695079802955,2.1908719539642334,0.124
68000,0.0012794733047485352,0,-0.00022015571594237798,2.201982021331787,0.138
68100,0.0005358457565307617,0,0.00019066333770753117,2.200345754623413,0.144
68200,0.0023387670516967773,0,0.000417900085449198,2.191105365753174,0.156
68300,0.0025443434715270996,0,0.0004474520683289221,2.1959359645843506,0.162
68400,0.001697540283203125,0,0.0002844631671905387,2.1846208572387695,0.16
68500,0.0020912885665893555,0,0.00024696588516237816,2.1702232360839844,0.156
68600,0.0010251998901367188,0,-0.0003080189228057787,2.1683952808380127,0.146
68700,0.00012767314910888672,0,-0.0005505681037902283,2.174412727355957,0.128
68800,-0.00017011165618896484,0,-0.0005698919296264024,2.1626291275024414,0.114
68900,0.0007348060607910156,0,-0.00039082765579224175,2.167881965637207,0.126
69000,0.00019937753677368164,0,-0.0001044511795043915,2.179621458053589,0.134
69100,0.0008193850517272949,0,0.00017529129981992404,2.1752450466156006,0.132
69200,0.0009760260581970215,0,0.00023768544197080795,2.187256097793579,0.146
69300,0.002662181854248047,0,0.00046314001083374933,2.2065348625183105,0.156
69400,0.0019192099571228027,0,0.0005282461643219221,2.202573776245117,0.144
69500,0.001508474349975586,0,0.00023213624954224974,2.1968495845794678,0.134
69600,0.0036458969116210938,0,0.0004186034202575968,2.2113726139068604,0.164
69700,0.002174556255340576,0,7.514357566832793e-05,2.20074462890625,0.158
69800,0.0021185874938964844,0,0.00010648369789123732,2.1954457759857178,0.168
69900,0.0028268098831176758,0,0.0001109361648559271,2.196167230606079,0.18
70000,0.002135753631591797,0,-0.00023680329322815072,2.174283027648926,0.166
70100,0.0019478797912597656,0,-4.361867904662362e-05,2.172149658203125,0.156
70200,0.0028318166732788086,0,5.4752826690679264e-05,2.1604573726654053,0.15
70300,0.003488898277282715,0,0.00020202398300171484,2.157749891281128,0.146
70400,0.0031164884567260742,0,0.0003502488136291343,2.168114423751831,0.142
70500,0.0027970075607299805,0,0.0001982927322387681,2.1813197135925293,0.148
70600,0.0021076202392578125,0,-0.00021402835845946218,2.18022084236145,0.136
70700,0.0008537769317626953,0,-0.0006279110908507678,2.196636199951172,0.134
70800,-0.0004271268844604492,0,-0.0009030461311339173,2.192993640899658,0.114
70900,-0.00014448165893554688,0,-0.0008417725563049627,2.183140754699707,0.1
71000,5.269050598144531e-05,0,-0.0005108118057250819,2.186209201812744,0.104
71100,0.00048613548278808594,0,-2.5546550750753176e-05,2.1737093925476074,0.106
71200,0.0014684200286865234,0,0.00044217109680179736,2.165106773376465,0.108
71300,0.004625082015991211,0,0.0010954856872559557,2.1701161861419678,0.118
71400,0.004159212112426758,0,0.0012351989746093653,2.167550802230835,0.136
71500,0.004011988639831543,0,0.0009742498397826722,2.1680333614349365,0.134
71600,0.0016863346099853516,0,-1.7726421356229556e-05,2.1761019229888916,0.124
71700,0.0011333227157592773,0,-0.0009456396102904784,2.1711559295654297,0.124
71800,0.0008366107940673828,0,-0.0009523868560790278,2.1792991161346436,0.13
71900,0.0016684532165527344,0,-0.000553679466247531,2.174694776535034,0.12
72000,0.0016019344329833984,0,3.66330146789579e-05,2.1747145652770996,0.118
72100,0.0025908946990966797,0,0.0003680467605590254,2.174797534942627,0.126
72200,0.0024340152740478516,0,0.00041172504425049,2.1795055866241455,0.12
72300,0.0016008615493774414,0,6.9689750671387e-05,2.1647708415985107,0.122
72400,0.0009530782699584961,0,-0.00022877454757687008,2.1676249504089355,0.118
72500,0.001008152961730957,0,-0.0004646420478820821,2.156193733215332,0.116
72600,0.00037550926208496094,0,-0.00047097206115719563,2.16678524017334,0.116
72700,0.0009731054306030273,0,-0.00018330812454223257,2.1742868423461914,0.12
72800,0.0009855031967163086,0,2.9802322387633763e-06,2.177917003631592,0.118
72900,0.0016878843307495117,0,0.00019694566726684477,2.1846814155578613,0.122
73000,0.001984834671020508,0,0.0003933429718017309,2.188602924346924,0.138
73100,0.0023442506790161133,0,0.00037416219711308094,2.1716997623443604,0.138
73200,0.0020194053649902344,0,0.00027241706848144356,2.162322759628296,0.138
73300,0.003141164779663086,0,0.0002941131591796818,2.153444290161133,0.136
73400,0.003326416015625,0,0.0003480076789855967,2.1478476524353027,0.132
73500,0.0029114484786987305,0,0.0002441406250000103,2.148505687713623,0.136
73600,0.0019123554229736328,0,-4.4381618499726296e-05,2.1430671215057373,0.128
73700,0.0021408796310424805,0,-0.0003414630889892444,2.139829158782959,0.134
73800,0.0002872943878173828,0,-0.0006848812103271397,2.1494319438934326,0.124
73900,0.0009915828704833984,0,-0.0005464792251587069,2.154745578765869,0.134
74000,0.0006763935089111328,0,-0.000362122058868423,2.159916400909424,0.126
74100,0.0011932849884033203,0,-0.00015060901641847355,2.1745107173919678,0.134
74200,0.0011222362518310547,0,0.00018715858459473534,2.1783673763275146,0.136
74300,0.002763986587524414,0,0.00039906501770016023,2.1745388507843018,0.142
74400,0.0014346837997436523,0,0.0003087282180786227,2.1763834953308105,0.14
74500,0.0015454292297363281,0,0.00010167360305787785,2.172471523284912,0.14
74600,0.0011140108108520508,0,-0.00012350082397459693,2.1662492752075195,0.136
74700,0.001589059829711914,0,-0.00026705265045167195,2.1726365089416504,0.134
74800,0.0017834901809692383,0,7.41243362426637e-05,2.173649311065674,0.138
74900,0.0028600692749023438,0,0.0003298759460449597,2.166614294052124,0.128
75000,0.0015807151794433594,0,0.0002204418182373012,2.174319267272949,0.122
75100,0.0017777085304260254,0,1.7452239990229155e-05,2.1843578815460205,0.136
75200,0.0013065338134765625,0,-0.00020362734794613412,2.1814472675323486,0.122
75300,0.0015034675598144531,0,-0.00029873847961425093,2.1885814666748047,0.118
75400,0.0010646581649780273,0,-0.00013063549995421893,2.213955879211426,0.13
75500,0.001256704330444336,0,-0.00012838840484619114,2.2049708366394043,0.134
75600,0.0007722377777099609,0,-0.00013153553009033798,2.20628023147583,0.134
75700,0.0009679198265075684,0,-0.00013635158538818473,2.2313756942749023,0.152
75800,0.001886606216430664,0,0.0001355111598968608,2.2315852642059326,0.162
75900,0.0013990402221679688,0,0.00013990402221680825,2.210812568664551,0.152
76000,0.0014938712120056152,0,0.00018743872642516807,2.2112982273101807,0.142
76100,0.002022385597229004,0,0.00017161965370178134,2.2095096111297607,0.142
76200,0.001717209815979004,0,2.8455257415757165e-05,2.1753644943237305,0.136
76300,0.001878499984741211,0,0.00011822581291199617,2.1674904823303223,0.132
76400,0.0019131898880004883,0,6.947517395019741e-05,2.1835269927978516,0.14
76500,0.0016608238220214844,0,-5.2714347839355935e-05,2.1919443607330322,0.152
76600,0.0016928911209106445,0,-2.663135528564341e-05,2.1879727840423584,0.148
76700,0.001482844352722168,0,-0.00010116100311278946,2.185910701751709,0.146
76800,0.0024019479751586914,0,7.995367050170471e-05,2.1934754848480225,0.14
76900,0.0010030269622802734,0,-6.0653686523446676e-05,2.1877806186676025,0.144
77000,0.0012283921241760254,0,-0.00014088153839113287,2.1904032230377197,0.14
77100,0.0010445713996887207,0,-0.00020501017570498365,2.1876633167266846,0.132
77200,0.001228928565979004,0,-0.0002304494380950989,2.188079833984375,0.136
77300,0.0012543201446533203,0,5.031228065490397e-05,2.1929306983947754,0.136
77400,0.0011595487594604492,0,7.206201553348183e-06,2.187523365020752,0.126
77500,0.002872943878173828,0,0.0003587365150451487,2.195706844329834,0.122
77600,0.0011444091796875,0,0.00014495849609375051,2.190096855163574,0.124
77700,0.0011130571365356445,0,-2.976655960084514e-05,2.1880972385406494,0.124
77800,0.0007156133651733398,0,-0.00026477575302121924,2.1790997982025146,0.118
77900,0.0017837285995483398,0,-0.00026072263717650835,2.1900851726531982,0.12
78000,0.0012753009796142578,0,9.324550628662825e-05,2.1799261569976807,0.13
78100,0.0008980035781860352,0,1.2958049774172497e-05,2.188444137573242,0.12
78200,0.0009688138961791992,0,-3.7932395935062224e-05,2.1905670166015625,0.12
78300,0.0009100437164306641,0,-0.0002053856849670489,2.1950690746307373,0.126
78400,0.0002777576446533203,0,-0.00019830465316774217,2.1812593936920166,0.122
78500,-0.00041687488555908203,0,-0.00033208131790156057,2.170413017272949,0.106
78600,-0.00026726722717285156,0,-0.0003799080848693664,2.176844596862793,0.114
78700,-0.0002377033233642578,0,-0.0002840518951415872,2.1772871017456055,0.112
78800,-0.0005263090133666992,0,-0.0001428961753845172,2.173250198364258,0.114
78900,6.467103958129883e-05,0,7.040500640868776e-05,2.185746431350708,0.122
79000,0.0010330677032470703,0,0.00029030442237852925,2.196528911590576,0.138
79100,0.0009236335754394531,0,0.0003882050514221391,2.18617844581604,0.136
79200,0.0015388131141662598,0,0.0004989206790924473,2.1796395778656006,0.13
79300,0.002096831798553467,0,0.0004570066928863667,2.181439161300659,0.128
79400,0.0019905567169189453,0,0.0003088176250457786,2.1760668754577637,0.114
79500,0.0006928443908691406,0,-9.834766387490579e-07,2.162329912185669,0.104
79600,0.0010173320770263672,0,-0.0002446949481964269,2.16849946975708,0.11
79700,0.0009348392486572266,0,-0.00032972097396846933,2.175497531890869,0.13
79800,0.0002993345260620117,0,-0.00031404495239257136,2.174024820327759,0.134
79900,0.0006077289581298828,0,-8.882284164427516e-05,2.169602155685425,0.144
80000,0.0005214214324951172,0,-0.00013189315795898878,2.1685025691986084,0.132
80100,0.001430511474609375,0,0.00012134313583370434,2.172212839126587,0.13
80200,0.0018680095672607422,0,0.0003960132598877236,2.1586601734161377,0.114
80300,0.0010575056076049805,0,0.00022461414337155013,2.1566429138183594,0.114
80400,0.0017104148864746094,0,0.0002004981040954506,2.1651248931884766,0.112
80500,0.0018106698989868164,0,6.027221679686886e-05,2.1671812534332275,0.13
80600,0.0011245012283325195,0,-7.33852386474672e-05,2.165083646774292,0.132
80700,0.001085042953491211,0,-5.308389663696025e-05,2.1654000282287598,0.128
80800,0.0017843246459960938,0,-5.778074264526184e-05,2.162327766418457,0.128
80900,0.0009704828262329102,0,-0.00010205507278442123,2.16717529296875,0.124
81000,0.0015273094177246094,0,6.910562515259753e-05,2.174823522567749,0.13
81100,0.002291560173034668,0,0.00021560192108153325,2.1675634384155273,0.136
81200,0.0014946460723876953,0,7.41720199584585e-05,2.1798183917999268,0.146
81300,0.002092599868774414,0,0.00022115707397461426,2.186444044113159,0.148
81400,0.00296938419342041,0,0.00026851892471314306,2.183746337890625,0.162
81500,0.0024007558822631836,0,0.00016931295394892313,2.1878371238708496,0.164
81600,0.002051115036010742,0,0.00014210939407347407,2.2001802921295166,0.164
81700,0.0021249055862426758,0,-8.536577224731648e-05,2.2021610736846924,0.158
81800,0.0004704594612121582,0,-0.0005273699760437063,2.192192554473877,0.146
81900,-8.64267349243164e-05,0,-0.000655502080917396,2.179274082183838,0.13
82000,-0.0005295276641845703,0,-0.0007372617721557843,2.171220064163208,0.118
82100,0.00044524669647216797,0,-0.0004359304904937605,2.1642987728118896,0.104
82200,0.0009299516677856445,0,0.00014506578445435883,2.157428026199341,0.106
82300,0.0012601613998413086,0,0.00041526556015009607,2.1732568740844727,0.114
82400,0.0010279417037963867,0,0.00039298534393312286,2.1797378063201904,0.124
82500,0.0013132095336914062,0,0.00018339157104491506,2.197199583053589,0.132
82600,0.0012996792793273926,0,7.925033569335632e-05,2.2147045135498047,0.136
82700,0.0012338757514953613,0,2.191662788391083e-05,2.209676504135132,0.128
82800,0.0004985332489013672,0,-0.00011381506919860867,2.197667121887207,0.126
82900,0.00045984983444213867,0,-0.00025078654289248587,2.2021379470825195,0.124
83000,0.00031697750091552734,0,-0.0002739429473877019,2.1862642765045166,0.122
83100,0.000671088695526123,0,-0.00013071298599243327,2.175550937652588,0.13
83200,0.0011249780654907227,0,0.00014641284942624907,2.1732726097106934,0.138
83300,0.0013027191162109375,0,0.00024937391281123816,2.187577486038208,0.144
83400,0.00135040283203125,0,0.00026984810829162425,2.1895017623901367,0.148
83500,0.0014726519584655762,0,0.00018285512924192754,2.1888272762298584,0.148
83600,0.0016213655471801758,0,0.000116270780563349,2.1801133155822754,0.142
83700,0.0019763708114624023,0,0.0001618266105651859,2.181208610534668,0.146
83800,0.004046082496643066,0,0.0005895078182220499,2.169706344604492,0.13
83900,0.0017226934432983398,0,0.0002924799919128134,2.168247699737549,0.122
84000,0.0001074075698852539,0,-0.00032815933227539975,2.180068254470825,0.12
84100,0.00047719478607177734,0,-0.0006937026977538824,2.1837639808654785,0.128
84200,0.0002155303955078125,0,-0.0008906602859497134,2.197417974472046,0.126
84300,0.0008428692817687988,0,-0.00016515254974365252,2.203223705291748,0.13
84400,0.0019564032554626465,0,0.0004063665866851867,2.2115182876586914,0.136
84500,0.0018994808197021484,0,0.00045854449272155276,2.203277349472046,0.146
84600,0.002415180206298828,0,0.0005455911159515612,2.1998801231384277,0.138
84700,0.002227187156677246,0,0.00032274127006531015,2.1913561820983887,0.138
84800,0.0008411407470703125,0,-0.0001902818679809949,2.1977758407592773,0.154
84900,0.0012470483779907227,0,-0.0002878904342651669,2.1936490535736084,0.166
85000,0.0020949244499206543,0,-0.00016206502914428193,2.200918197631836,0.154
85100,0.0027292370796203613,0,0.00022578835487360382,2.1987860202789307,0.16
85200,0.0034175515174865723,0,0.0006635010242462271,2.2032203674316406,0.162
85300,0.002192854881286621,0,0.0003214240074157672,2.188854694366455,0.148
85400,0.0008720159530639648,0,-0.0002982199192046788,2.179091453552246,0.13
85500,0.00130462646484375,0,-0.000539475679397653,2.1755423545837402,0.142
85600,0.0007294416427612305,0,-0.0006264448165893646,2.1795876026153564,0.138
85700,0.0004686117172241211,0,-0.000359106063842783,2.170027017593384,0.134
85800,0.00022339820861816406,0,-0.00021332502365110277,2.1761887073516846,0.152
85900,0.0008193254470825195,0,-0.00014766454696654081,2.1794538497924805,0.154
86000,0.00028586387634277344,0,-5.364418029785034e-05,2.1797420978546143,0.146
86100,0.0007792115211486816,0,6.836652755737318e-05,2.177736520767212,0.146
86200,0.0011075735092163086,0,0.00017282366752624149,2.182075023651123,0.142
86300,0.0026282072067260742,0,0.00044394731521607556,2.1854450702667236,0.124
86400,0.004405558109283447,0,0.0010088384151459662,2.183779716491699,0.126
86500,0.003491342067718506,0,0.0008722245693205756,2.185365915298462,0.122
86600,0.004645287990570068,0,0.0007938563823699993,2.1930644512176514,0.126
86700,0.0048250555992126465,0,0.0004633426666259482,2.1990854740142822,0.136
86800,0.0030761361122131348,0,-0.00013251304626465648,2.1950714588165283,0.15
86900,0.0024271011352539062,0,-0.00036976337432857774,2.201813220977783,0.158
87000,0.0019255876541137695,0,-0.0007837355136870439,2.197906255722046,0.154
87100,0.0009292960166931152,0,-0.0008942067623139153,2.1910579204559326,0.144
87200,0.0004588961601257324,0,-0.0006732285022735252,2.1813299655914307,0.134
87300,-1.2516975402832031e-05,0,-0.0006345927715301255,2.17177152633667,0.116
87400,0.0003560781478881836,0,-0.0004080832004547012,2.1672003269195557,0.11
87500,0.00011718273162841797,0,-0.0001727044582367112,2.1707382202148438,0.116
87600,-1.8596649169921875e-05,0,-8.252859115599925e-05,2.172259569168091,0.116
87700,0.0006108283996582031,0,8.720159530639681e-05,2.1721956729888916,0.116
87800,0.0012778639793395996,0,0.0002337217330932174,2.1882035732269287,0.14
87900,0.0014410614967346191,0,0.00039442181587217613,2.184587240219116,0.13
88000,0.0015988945960998535,0,0.0004065215587616298,2.1920456886291504,0.13
88100,0.0002542734146118164,0,-3.920793533323917e-05,2.181276559829712,0.132
88200,0.0010284781455993652,0,-0.00016855597496031054,2.1966753005981445,0.148
88300,0.0003432035446166992,0,-0.00027661323547365494,2.1773531436920166,0.128
88400,0.0005235671997070312,0,-0.0002061724662780785,2.1667706966400146,0.122
88500,0.00020933151245117188,0,-5.94794750213323e-05,2.167358875274658,0.122
88600,0.00045669078826904297,0,-0.0001277446746826154,2.1829254627227783,0.13
88700,-0.00022268295288085938,0,-0.00011986494064331731,2.1690542697906494,0.11
88800,0.0002709031105041504,0,-9.373426437378611e-05,2.1792218685150146,0.11
88900,0.0009998083114624023,0,0.0001395165920257621,2.191542625427246,0.126
89000,0.00010883808135986328,0,5.267858505248621e-05,2.176170587539673,0.112
89100,-0.00023066997528076172,0,-1.780390739440551e-05,2.173200845718384,0.102
89200,-0.00040471553802490234,0,-0.0002581715583801071,2.1683623790740967,0.1
89300,0.0001271963119506836,0,-0.0002258777618408251,2.1713452339172363,0.108
89400,0.00021016597747802734,0,5.605220794678475e-05,2.170657157897949,0.094
89500,0.0012036561965942383,0,0.00034835338592524855,2.1900417804718018,0.102
89600,0.0019621849060058594,0,0.0005810260772705457,2.185392141342163,0.112
89700,0.0019354820251464844,0,0.000536859035491879,2.1918225288391113,0.118
89800,0.0018177032470703125,0,0.00039469003677367314,2.1884732246398926,0.118
89900,0.001616358757019043,0,6.809234619139583e-05,2.195301055908203,0.118
90000,-0.00014662742614746094,0,-0.00045367479324344987,2.183905839920044,0.116
90100,0.00016367435455322266,0,-0.000550794601440378,2.1754844188690186,0.106
90200,0.0012704730033874512,0,-0.00025471448898314945,2.1849734783172607,0.112
90300,0.00027573108673095703,0,-0.00012641549110409573,2.204486608505249,0.098
90400,0.0003968477249145508,0,0.00011990070343017948,2.197697877883911,0.108
90500,0.0007416009902954102,0,2.8222799301144608e-05,2.1937546730041504,0.108
90600,0.00021117925643920898,0,-0.0001652717590332039,2.2029225826263428,0.11
90700,0.0003895759582519531,0,4.202127456665297e-06,2.203409194946289,0.118
90800,0.0014873147010803223,0,0.0001828908920288102,2.208418846130371,0.15
90900,0.0014398694038391113,0,0.00026726722717287227,2.206620693206787,0.142
91000,0.0015633106231689453,0,0.00037545561790463763,2.2131550312042236,0.15
91100,0.0019194483757019043,0,0.0003135740756988412,2.224658966064453,0.154
91200,0.0018225908279418945,0,0.000115013122558574,2.2134552001953125,0.15
91300,0.0007606744766235352,0,-0.00010991096496583235,2.1876375675201416,0.124
91400,0.0011025667190551758,0,-0.0002080261707305727,2.183901309967041,0.126
91500,0.0013674497604370117,0,-0.00018240213394166258,2.181262254714966,0.128
91600,0.0016366243362426758,0,2.348423004150273e-05,2.1539602279663086,0.118
91700,0.0023599863052368164,0,0.0003732681274413996,2.148838520050049,0.112
91800,0.0031436681747436523,0,0.0005074739456176553,2.1604135036468506,0.122
91900,0.00336456298828125,0,0.0005501270294188521,2.1630501747131348,0.13
92000,0.0018051862716674805,0,0.00013417005538939842,2.1639535427093506,0.128
92100,0.002062201499938965,0,-0.0001934051513671809,2.181985855102539,0.136
92200,0.002054274082183838,0,-0.00034811496734623904,2.1947543621063232,0.134
92300,0.0020127296447753906,0,-0.00024545788764954055,2.1904571056365967,0.118
92400,0.001096189022064209,0,-0.00014674663543701812,2.1957263946533203,0.122
92500,0.0013308525085449219,0,-0.00024207830429079475,2.1918551921844482,0.12
92600,0.0022149085998535156,0,-3.60608100891178e-05,2.190073251724243,0.13
92700,0.0008596181869506836,0,-0.0001187503337860073,2.184109687805176,0.13
92800,0.0018628835678100586,0,0.00010621547698974039,2.1762402057647705,0.134
92900,0.0012813806533813477,0,-4.509687423704664e-05,2.1720266342163086,0.134
93000,0.0011730194091796875,0,-0.00016620159149171093,2.1730575561523438,0.124
93100,0.0004372596740722656,0,-0.00015345811843874404,2.1616036891937256,0.11
93200,0.0005209445953369141,0,-0.0003527998924255416,2.167426824569702,0.116
93300,-0.0003452301025390625,0,-0.0003905296325684227,2.1799497604370117,0.114
93400,7.784366607666016e-05,0,-0.0002972841262817416,2.167660713195801,0.096
93500,-0.0001270771026611328,0,-0.00015717744827270342,2.1704039573669434,0.102
93600,-0.0003762245178222656,0,-0.00015761852264403487,2.1828396320343018,0.106
93700,-0.0003796815872192383,0,-5.2297115325900865e-05,2.1682894229888916,0.094
93800,0.00018298625946044922,0,-4.231929779053472e-06,2.1850998401641846,0.11
93900,0.0005990266799926758,0,0.0002011418342590387,2.1967368125915527,0.126
94000,0.0015919208526611328,0,0.0004914999008178122,2.19460391998291,0.138
94100,0.0019222497940063477,0,0.0006012797355651891,2.1990439891815186,0.142
94200,0.002418220043182373,0,0.0005793690681457117,2.2044732570648193,0.154
94300,0.0017093420028686523,0,0.00030469298362729915,2.186363458633423,0.152
94400,0.001980900764465332,0,5.650520324708211e-05,2.1768274307250977,0.14
94500,0.0011333227157592773,0,-0.00020151734352113733,2.1839141845703125,0.13
94600,0.0010815858840942383,0,-0.000324928760528534,2.1711018085479736,0.13
94700,0.0007898807525634766,0,-0.0002738237380981628,2.177004814147949,0.132
94800,0.0009303092956542969,0,-0.0002444624900817955,2.174649715423584,0.134
94900,0.0009397268295288086,0,-5.384683609007904e-05,2.178908586502075,0.144
95000,0.0019528865814208984,0,0.00018924474716187846,2.1688296794891357,0.152
95100,0.0014791488647460938,0,0.00024011135101315007,2.166398048400879,0.144
95200,0.0022634267807006836,0,0.00032056570053097945,2.1519203186035156,0.134
95300,0.003704071044921875,0,0.0005839228630066019,2.1420388221740723,0.126
95400,0.0018178224563598633,0,0.00019547939300537402,2.1574649810791016,0.134
95500,0.0013997554779052734,0,-6.043910980225285e-05,2.1527884006500244,0.124
95600,0.001392960548400879,0,-0.0004045248031615887,2.1612796783447266,0.134
95700,0.0009938478469848633,0,-0.0005845308303833122,2.1602096557617188,0.134
95800,0.0002646446228027344,0,-0.00035122632980345245,2.167527437210083,0.122
95900,0.0008373260498046875,0,-0.00022531747817992553,2.1612563133239746,0.108
96000,0.0011340975761413574,0,-6.742477416991074e-05,2.1695072650909424,0.11
96100,0.0017855167388916016,0,0.0002452790737152621,2.1675336360931396,0.102
96200,0.0023511648178100586,0,0.000512123107910112,2.176201105117798,0.106
96300,0.0020890235900878906,0,0.00037204623222355745,2.174621105194092,0.12
96400,0.0034770965576171875,0,0.0004989504814148101,2.1798694133758545,0.128
96500,0.004395961761474609,0,0.0006346821784973038,2.178326368331909,0.138
96600,0.0036242008209228516,0,0.00048530101776121415,2.17142391204834,0.132
96700,0.000567317008972168,0,-0.0002896308898925488,2.173549175262451,0.132
96800,0.0006812810897827148,0,-0.0009420275688171904,2.179485321044922,0.132
96900,0.00018829107284545898,0,-0.0011358261108397247,2.178495168685913,0.136
97000,0.00044161081314086914,0,-0.0006744205951690798,2.186288833618164,0.134
97100,0.0018672347068786621,0,0.00023601651191709614,2.1999144554138184,0.146
97200,0.001116633415222168,0,0.00025496482849121193,2.1981325149536133,0.142
97300,0.001428365707397461,0,0.0003155171871185342,2.194488286972046,0.132
97400,0.000751495361328125,0,1.8090009689302954e-05,2.1765642166137695,0.11
97500,0.0023999810218811035,0,7.003545761115126e-05,2.1821138858795166,0.104
97600,0.002931654453277588,0,0.00046016573905941215,2.183537006378174,0.104
97700,0.0031357407569885254,0,0.0005594909191132839,2.185234785079956,0.098
97800,0.0015659332275390625,0,0.00023646354675294662,2.180413246154785,0.096
97900,0.0021312832832336426,0,-0.00019031167030331673,2.203518867492676,0.118
98000,0.0017083287239074707,0,-0.00034511089324954045,2.2027370929718018,0.12
98100,0.0016133785247802734,0,-0.00029023289680478996,2.202179431915283,0.12
98200,0.0006009936332702637,0,-0.0002447783946990347,2.1985580921173096,0.122
98300,0.0016411542892456055,0,-0.00020875930786133637,2.2125561237335205,0.146
98400,0.0009667873382568359,0,-0.0001455307006835914,2.198852300643921,0.142
98500,0.0012393593788146973,0,-3.822445869445135e-05,2.1936089992523193,0.144
98600,0.0006892681121826172,0,-2.2524595260632398e-05,2.182729482650757,0.136
98700,0.000927269458770752,0,-0.00017052888870238605,2.190645694732666,0.144
98800,0.000746607780456543,0,-7.524490356447387e-05,2.176571846008301,0.13
98900,0.0007977485656738281,0,-8.25881958007865e-05,2.1755313873291016,0.122
99000,0.0019147396087646484,0,0.000232142210006709,2.1717333793640137,0.132
99100,0.0012763738632202148,0,0.00018663406372071924,2.1808390617370605,0.142
99200,0.0009148120880126953,0,8.15033912658771e-05,2.173832654953003,0.14
99300,0.0006585121154785156,0,-0.00012784004211425153,2.17964768409729,0.134
99400,0.0002295374870300293,0,-0.00039882659912109943,2.1868557929992676,0.134
99500,0.0011993646621704102,0,-8.392930030824183e-05,2.192805290222168,0.126
99600,0.0018594861030578613,0,0.00024302005767821712,2.1971566677093506,0.126
99700,0.0009718537330627441,0,0.00022566318511960627,2.1866660118103027,0.116
99800,0.001982569694519043,0,0.0003278553485870229,2.1793534755706787,0.114
99900,0.0026236772537231445,0,0.0002971708774566672,2.172673463821411,0.112
100000,0.0011686086654663086,0,2.7006864547747152e-05,2.156625270843506,0.094
100100,0.002199411392211914,0,0.00016411542892458053,2.1384527683258057,0.086
100200,0.0019849538803100586,0,-4.194974899291714e-05,2.161818504333496,0.106
100300,0.00040471553802490234,0,-0.00036215782165529106,2.1772220134735107,0.132
100400,0.00022721290588378906,0,-0.0003677487373352354,2.1770312786102295,0.132
100500,0.001156926155090332,0,-0.0003842711448669324,2.183725118637085,0.15
100600,0.0016186237335205078,0,1.9550323485378887e-06,2.196179151535034,0.16
100700,0.0018154382705688477,0,0.0004212856292724564,2.18892502784729,0.156
100800,0.0017098188400268555,0,0.00036237239837648286,2.176330804824829,0.132
100900,0.001286149024963379,0,3.4964084625249577e-05,2.1915621757507324,0.144
101000,0.0013747215270996094,0,-0.00010170936584470824,2.192108154296875,0.14
101100,0.0009004473686218262,0,-0.00021650791168216187,2.189234495162964,0.126
101200,0.0010493993759155273,0,-0.00017065405845643848,2.1865549087524414,0.11
101300,0.0013684630393981934,0,-1.606941223144621e-05,2.19761323928833,0.126
101400,0.0007782578468322754,0,-7.249116897582623e-05,2.18624210357666,0.126
101500,0.0009269118309020996,0,-2.1821260452277814e-05,2.1900415420532227,0.134
101600,0.001819312572479248,0,0.00010982751846310718,2.185480833053589,0.132
101700,0.0017161369323730469,0,0.00017364025115969143,2.1881933212280273,0.146
101800,0.0003235340118408203,0,-1.202225685121509e-05,2.173163652420044,0.134
101900,0.00028324127197265625,0,-0.00027831196784964976,2.1709413528442383,0.124
102000,-0.00023806095123291016,0,-0.0005547642707824427,2.162475347518921,0.112
102100,0.00044989585876464844,0,-0.0003094077110290495,2.1567203998565674,0.104
102200,0.0003720521926879883,0,2.6369094848618432e-05,2.1637582778930664,0.11
102300,6.628036499023438e-05,0,1.7619132995614686e-05,2.172714948654175,0.116
102400,0.0008117556571960449,0,0.00017160177230834633,2.1928563117980957,0.13
102500,0.0007598400115966797,0,0.00010595917701721754,2.192721366882324,0.128
102600,0.0020493268966674805,0,0.000404810905456523,2.2015514373779297,0.14
102700,0.0011612176895141602,0,0.00034274458885192016,2.188417673110962,0.12
102800,0.0011625885963439941,0,0.00011030435562134373,2.1819443702697754,0.118
102900,-2.4437904357910156e-06,0,-0.00024113059043892135,2.1639039516448975,0.112
103000,0.0005484819412231445,0,-0.00041653513908387484,2.1733062267303467,0.128
103100,0.0006431937217712402,0,-0.00016501545906065924,2.177729368209839,0.138
103200,0.00183027982711792,0,0.0001981019973755947,2.186504364013672,0.158
103300,0.0017278790473937988,0,0.00047424435615536087,2.1923410892486572,0.168
103400,0.0012515783309936523,0,0.0002490878105163331,2.1952245235443115,0.158
103500,0.0010901689529418945,0,3.1524896621708715e-05,2.1894710063934326,0.138
103600,0.0009350180625915527,0,-0.0002428233623504745,2.1850404739379883,0.134
103700,0.0012072920799255371,0,-0.00013577342033385282,2.187345266342163,0.13
103800,0.0007047057151794434,0,-9.766221046448036e-05,2.1849634647369385,0.118
103900,0.001726984977722168,0,0.00010433197021486358,2.183711528778076,0.136
104000,0.0009548664093017578,0,5.593895912168717e-05,2.179486036300659,0.142
104100,0.0009454488754272461,0,-2.7352571487431147e-05,2.176608085632324,0.15
104200,0.0011272430419921875,0,6.353855133058753e-06,2.1811277866363525,0.148
104300,0.0016989707946777344,0,1.1634826660144437e-05,2.1837234497070312,0.148
104400,0.0015835165977478027,0,0.00020108222961423222,2.1846423149108887,0.142
104500,0.001705765724182129,0,0.00019769072532653978,2.1941540241241455,0.144
104600,0.002075493335723877,0,0.00019032955169677202,2.2187559604644775,0.144
104700,0.0017250776290893555,0,5.4419040679929133e-05,2.2095136642456055,0.136
104800,0.002082228660583496,0,0.00010167360305785806,2.215816020965576,0.144
104900,0.0021317005157470703,0,8.586049079895498e-05,2.215747356414795,0.142
105000,0.002885282039642334,0,0.0002026200294494794,2.21695613861084,0.148
105100,0.0024164319038391113,0,0.00021857619285582777,2.1934075355529785,0.134
105200,0.0028528571128845215,0,0.00018259882926941425,2.193784475326538,0.14
105300,0.0008165836334228516,0,-0.0002662658691406197,2.1832218170166016,0.128
105400,0.0009951591491699219,0,-0.0005380094051361375,2.178847312927246,0.122
105500,0.0014955997467041016,0,-0.0003699362277984575,2.1758742332458496,0.112
105600,0.0014290809631347656,0,-0.0002168536186218079,2.1790895462036133,0.108
105700,0.002637147903442383,0,0.00040750503540033784,2.1771888732910156,0.12
105800,0.002525508403778076,0,0.0004202246665954775,2.18514347076416,0.12
105900,0.0015845298767089844,0,0.0001274287700653062,2.181273937225342,0.122
106000,0.0018564462661743164,0,-1.978874206547881e-05,2.184441089630127,0.136
106100,0.0027889609336853027,0,-3.654360771178779e-05,2.183184862136841,0.154
106200,0.003123342990875244,0,0.00024001002311711957,2.1942572593688965,0.14
106300,0.0015745759010314941,0,0.00012469887733458748,2.1867825984954834,0.148
106400,0.0012619495391845703,0,-0.00024033784866329312,2.178128480911255,0.136
106500,0.0010879039764404297,0,-0.0005263507366179831,2.1761395931243896,0.126
106600,0.0007975101470947266,0,-0.0005138337612151701,2.1824865341186523,0.116
106700,0.000986933708190918,0,-0.00016397237777710568,2.1815426349639893,0.116
106800,0.0006807446479797363,0,-0.00012633800506590314,2.1870603561401367,0.12
106900,0.002023935317993164,0,0.00017552971839902514,2.206226110458374,0.138
107000,0.0011952519416809082,0,0.0001832485198974574,2.2016360759735107,0.146
107100,0.0010885000228881836,0,7.17639923095651e-05,2.1947500705718994,0.15
107200,0.001058340072631836,0,-1.8024444580044283e-05,2.1798062324523926,0.146
107300,0.0008313655853271484,0,-0.0002522051334381026,2.170044183731079,0.128
107400,0.001114487648010254,0,-4.186630249023691e-05,2.1524195671081543,0.116
107500,-0.00022029876708984375,0,-0.00025614500045777465,2.1400601863861084,0.094
107600,0.0003625154495239258,0,-0.0002443313598632472,2.137213945388794,0.09
107700,-0.000843048095703125,0,-0.00041007995605468495,2.155113935470581,0.088
107800,-0.0003399848937988281,0,-0.0003531694412231554,2.172391653060913,0.098
107900,-9.250640869140625e-05,0,-4.4691562652567024e-05,2.179354667663574,0.112
108000,0.0006580948829650879,0,0.00013417005538932117,2.1856794357299805,0.126
108100,0.000912010669708252,0,0.00045081973075871063,2.1910014152526855,0.128
108200,0.0009268522262573242,0,0.0003538191318512296,2.1741485595703125,0.128
108300,0.0025142431259155273,0,0.0005482256412506623,2.1657447814941406,0.136
108400,0.0014100074768066406,0,0.00031060576438905383,2.1657462120056152,0.12
108500,0.0008275508880615234,0,3.142356872561522e-05,2.1733357906341553,0.12
108600,0.0007323622703552246,0,-0.0002075672149659235,2.183558464050293,0.118
108700,0.0010148286819458008,0,-0.00036764740943907306,2.1809473037719727,0.11
108800,0.0014356374740600586,0,2.3853778839111314e-05,2.1819088459014893,0.108
108900,0.001424551010131836,0,0.0001897275447845455,2.182600498199463,0.114
109000,0.0017701387405395508,0,0.00024852752685544725,2.1759955883026123,0.12
109100,0.0024394989013671875,0,0.0003183841705322129,2.161893129348755,0.12
109200,0.0014542341232299805,0,0.0001052141189574998,2.1732943058013916,0.144
109300,0.0011479854583740234,0,-8.690357208251999e-05,2.1724228858947754,0.132
109400,0.001122117042541504,0,-0.00025875568389887855,2.171459674835205,0.134
109500,0.0010216236114501953,0,-0.00031678676605222805,2.180206060409546,0.126
109600,0.0011387467384338379,0,-7.573366165161364e-05,2.1904008388519287,0.132
109700,0.0015318989753723145,0,7.844567298888229e-05,2.1927459239959717,0.126
109800,0.0010414719581604004,0,3.4898519515988175e-05,2.190098524093628,0.138
109900,0.0008876323699951172,0,-3.6525726318347426e-05,2.1908211708068848,0.142
110000,0.0018221139907836914,0,7.224678993224762e-05,2.186112880706787,0.14
110100,0.002348184585571289,0,0.0002413213253020395,2.1725189685821533,0.132
110200,0.0043059587478637695,0,0.0007989525794982096,2.1637470722198486,0.13
110300,0.003618478775024414,0,0.0007945537567138993,2.166722059249878,0.128
110400,0.0020101070404052734,0,0.00016462802886960432,2.1637485027313232,0.116
110500,0.000998377799987793,0,-0.0004995465278625687,2.1655707359313965,0.12
110600,0.0014598369598388672,0,-0.0008312344551087125,2.185034990310669,0.146
110700,0.0005128383636474609,0,-0.0006761550903320134,2.1810929775238037,0.138
110800,0.0002104043960571289,0,-0.00040849447250365786,2.1778619289398193,0.132
110900,0.0010001659393310547,0,-0.00012458562850953942,2.179748773574829,0.144
111000,0.0008096098899841309,0,-8.131265640258724e-05,2.1804516315460205,0.142
111100,0.0007965564727783203,0,0.00011666417121887918,2.1655473709106445,0.118
111200,0.00042057037353515625,0,2.1672248840346866e-05,2.170583963394165,0.124
111300,0.00010859966278076172,0,-0.00021721720695492294,2.1726107597351074,0.126
111400,0.0001329183578491211,0,-0.00020413398742676216,2.1826744079589844,0.128
111500,0.00027692317962646484,0,-0.00013269186019896782,2.1801795959472656,0.116
111600,0.0007416009902954102,0,8.103847503661155e-05,2.176729917526245,0.114
111700,0.002721548080444336,0,0.000583457946777343,2.17895770072937,0.12
111800,0.003421783447265625,0,0.0009022355079651123,2.1799116134643555,0.124
111900,0.0028482675552368164,0,0.0007822871208190939,2.1783394813537598,0.12
112000,0.0017368793487548828,0,0.00021172761917110654,2.1922972202301025,0.144
112100,0.0025042295455932617,0,-0.00021195411682129004,2.2045602798461914,0.158
112200,0.0021914243698120117,0,-0.00028047561645507983,2.198759078979492,0.152
112300,0.0014707446098327637,0,-0.00023005008697510063,2.1982717514038086,0.142
112400,0.0009279847145080566,0,-0.00026512742042538264,2.196115732192993,0.142
112500,0.0004924535751342773,0,-0.0005286991596221545,2.181786298751831,0.126
112600,0.0002880096435546875,0,-0.00047851204872126476,2.163496971130371,0.114
112700,0.00045430660247802734,0,-0.00026728510856628094,2.1670498847961426,0.114
112800,-6.556510925292969e-06,0,-0.00019072294235228919,2.1780030727386475,0.12
112900,-1.8596649169921875e-05,0,-0.00013166666030882258,2.174549102783203,0.114
113000,0.0007810592651367188,0,5.131959915159601e-05,2.163231611251831,0.118
113100,-0.00024831295013427734,0,-6.176233291625126e-05,2.1578240394592285,0.1
113200,-0.0002722740173339844,0,-7.61151313781628e-05,2.1637895107269287,0.108
113300,0.0012180805206298828,0,0.0001420021057128778,2.143252372741699,0.106
113400,0.001051187515258789,0,0.00020066499710088138,2.143496036529541,0.102
113500,0.0005701780319213867,0,0.0002960443496703804,2.1628613471984863,0.106
113600,0.0018247365951538086,0,0.00035461187362671037,2.1629202365875244,0.122
113700,0.002374410629272461,0,0.0003086209297180076,2.1699793338775635,0.128
113800,0.002001643180847168,0,0.0003705143928527556,2.184408664703369,0.14
113900,0.002723097801208496,0,0.0004482746124267686,2.1791841983795166,0.146
114000,0.0030957460403442383,0,0.0002890706062317147,2.179342031478882,0.158
114100,0.003281116485595703,0,0.00029075145721433037,2.1926021575927734,0.17
114200,0.0025110840797424316,0,0.00015769004821778487,2.1920464038848877,0.162
114300,0.001787424087524414,0,-0.00024560093879697116,2.1848201751708984,0.156
114400,0.002901732921600342,0,-0.00018817186355588834,2.197927236557007,0.166
114500,0.0018347501754760742,0,-0.0002502083778381372,2.188941240310669,0.156
114600,0.0009767413139343262,0,-0.0003021359443663852,2.1889700889587402,0.144
114700,0.0011540055274963379,0,-0.0003191828727721503,2.1820809841156006,0.14
114800,0.0010583996772766113,0,-0.0004367411136627222,2.185551643371582,0.14
114900,0.0006191730499267578,0,-0.0002349495887756393,2.175412178039551,0.116
115000,0.0003826022148132324,0,-0.00017231106758114367,2.1807899475097656,0.116
115100,-3.2901763916015625e-05,0,-0.00030496120452877523,2.1728296279907227,0.112
115200,-0.00019657611846923828,0,-0.0003162026405334859,2.168874740600586,0.106
115300,0.0002351999282836914,0,-0.00013471245765684877,2.1697330474853516,0.106
115400,0.0008391141891479492,0,0.00011811256408690752,2.1718456745147705,0.11
115500,0.0009984970092773438,0,0.00030984878540039407,2.173185348510742,0.102
115600,0.0006043910980224609,0,0.00023652315139772125,2.1820993423461914,0.108
115700,0.0012576580047607422,0,0.00018101930618286415,2.1888813972473145,0.118
115800,0.0011188983917236328,0,8.187294006347787e-05,2.188429594039917,0.12
115900,0.0006684660911560059,0,-1.4555454254145215e-05,2.1929919719696045,0.134
116000,0.0010294914245605469,0,2.6100873947146467e-05,2.190401554107666,0.138
116100,0.0010849833488464355,0,-4.3475627899170225e-05,2.2038817405700684,0.138
116200,0.0014148950576782227,0,0.00010085105895999399,2.202118396759033,0.142
116300,0.0011332035064697266,0,0.00013148784637451443,2.1975553035736084,0.13
116400,0.0007492899894714355,0,-5.121827125550267e-05,2.1894638538360596,0.116
116500,0.00034058094024658203,0,-0.00021544098854063518,2.187577247619629,0.114
116600,7.164478302001953e-05,0,-0.00034791231155396863,2.1660008430480957,0.106
116700,0.00016117095947265625,0,-0.00026217103004455924,2.1609065532684326,0.102
116800,4.6133995056152344e-05,0,-0.00015857219696044182,2.165637254714966,0.108
116900,8.058547973632812e-05,0,-5.455017089843899e-05,2.1765940189361572,0.114
117000,-1.8835067749023438e-05,0,-2.6154518127439144e-05,2.1737115383148193,0.114
117100,0.00021338462829589844,0,3.94582748412954e-06,2.1793031692504883,0.126
117200,-6.467103958129883e-05,0,-8.881092071531907e-06,2.1886796951293945,0.118
117300,0.00011205673217773438,0,1.710653305053085e-06,2.1875457763671875,0.118
117400,0.0007554292678833008,0,0.00014472007751465733,2.176929473876953,0.114
117500,0.0013086795806884766,0,0.00030106902122490866,2.1815500259399414,0.11
117600,0.0012024641036987305,0,0.00037308931350710033,2.1725289821624756,0.108
117700,0.0008606910705566406,0,0.0001944303512573034,2.164064884185791,0.106
117800,0.00019502639770507812,0,-0.0001568794250488553,2.1695709228515625,0.11
117900,0.0005828142166137695,0,-0.0002459168434143435,2.174792766571045,0.126
118000,0.0008068084716796875,0,-0.00010691881179809517,2.1776885986328125,0.134
118100,0.0010851621627807617,0,0.00010607242584226661,2.1893906593322754,0.13
118200,0.0017496347427368164,0,0.0003611564636230764,2.195523262023926,0.14
118300,0.0016441941261291504,0,0.00030655860900877366,2.207163095474243,0.142
118400,0.0016938447952270508,0,0.00023331046104430657,2.209366798400879,0.136
118500,0.001009821891784668,0,-2.0647048950178384e-05,2.2059590816497803,0.128
118600,0.0013872981071472168,0,-0.00013590455055237363,2.2100253105163574,0.142
118700,0.0014359354972839355,0,-7.230639457702486e-05,2.2085318565368652,0.142
118800,0.0009196996688842773,0,-0.0001122176647186156,2.1862118244171143,0.128
118900,0.001499176025390625,0,5.111098289490419e-05,2.1741397380828857,0.13
119000,0.0019451379776000977,0,0.00011789202690122685,2.175123453140259,0.144
119100,0.0015399456024169922,0,0.0001233458518981534,2.161935567855835,0.124
119200,0.0007840394973754883,0,-2.3055076599107532e-05,2.1538939476013184,0.118
119300,0.0005238056182861328,0,-0.00031118392944336193,2.1576240062713623,0.12
119400,0.00032198429107666016,0,-0.00042624473571778595,2.1700029373168945,0.126
119500,0.00030493736267089844,0,-0.0002932071685791071,2.160181760787964,0.112
119600,0.0006808042526245117,0,-4.2533874511722167e-05,2.167222499847412,0.124
119700,0.00203859806060791,0,0.00033884048461919447,2.1651082038879395,0.126
119800,0.001905202865600586,0,0.0004900097846984749,2.1753783226013184,0.142
119900,0.0012230873107910156,0,0.0003060698509216239,2.183414936065674,0.128
120000,0.0031671524047851562,0,0.00041571855545039665,2.200610637664795,0.132
120100,0.002177715301513672,0,0.00015401840209958232,2.2038004398345947,0.132
120200,0.0007404088973999023,0,-0.00013749599456787222,2.203857421875,0.126
120300,0.0009028911590576172,0,-0.00030671358108517224,2.1970908641815186,0.118
120400,0.0004706382751464844,0,-0.000666785240173234,2.184812068939209,0.122
120500,0.0008367300033569336,0,-0.0002951741218566999,2.1664865016937256,0.114
120600,0.000438690185546875,0,-6.69598579406727e-05,2.166944980621338,0.112
120700,4.291534423828125e-06,0,-0.00018291473388671917,2.1615350246429443,0.114
120800,-0.0005027055740356445,0,-0.000277912616729774,2.163151502609253,0.11
120900,0.0003540515899658203,0,-0.00019067525863646932,2.17012357711792,0.114
121000,0.0003598332405090332,0,1.9204616546605377e-05,2.178586006164551,0.128
121100,0.00040721893310546875,0,0.000166839361190772,2.1661627292633057,0.122
121200,0.0008373260498046875,0,0.00027332305908205106,2.173938274383545,0.13
121300,0.001819312572479248,0,0.0003408014774322329,2.170473575592041,0.128
121400,0.0016216635704040527,0,0.0003935754299164463,2.173699378967285,0.138
121500,0.0007408857345581055,0,0.00014516711235047587,2.176562547683716,0.132
121600,0.001134037971496582,0,-4.850029945370479e-05,2.189952850341797,0.142
121700,0.0007448196411132812,0,-0.0002636611461639152,2.191828727722168,0.132
121800,0.0008828639984130859,0,-0.00014736652374267066,2.193617582321167,0.15
121900,0.0006279945373535156,0,-4.769563674927037e-05,2.1826515197753906,0.128
122000,0.0012941360473632812,0,2.0337104797369918e-05,2.1775240898132324,0.124
122100,0.0008424520492553711,0,6.065368652344203e-05,2.1721925735473633,0.12
122200,0.0011725425720214844,0,7.938146591185584e-05,2.178260564804077,0.136
122300,0.0007413625717163086,0,1.051425933837862e-05,2.175968647003174,0.118
122400,0.000782012939453125,0,-0.00011253356933593358,2.1804792881011963,0.124
122500,0.0010536909103393555,0,3.194808959959655e-06,2.177121877670288,0.124
122600,0.0020753145217895508,0,0.00021178722381598016,2.1684300899505615,0.12
122700,0.002555370330810547,0,0.0004921317100524977,2.158986806869507,0.098
122800,0.001407623291015625,0,0.0002752900123596074,2.169940233230591,0.114
122900,0.002239704132080078,0,0.00017043352127073296,2.1705501079559326,0.122
123000,0.0013600587844848633,0,-0.0001746177673339519,2.1813318729400635,0.134
123100,0.0006146430969238281,0,-0.0003929018974304023,2.185131072998047,0.14
123200,0.001045823097229004,0,-0.00023486614227289222,2.1854043006896973,0.15
123300,0.0015703439712524414,0,-0.00016529560089110847,2.1861417293548584,0.134
123400,0.0008907318115234375,0,1.704692840568537e-06,2.190789222717285,0.128
123500,0.0015125274658203125,0,0.00016406774520872893,2.187957286834717,0.12
123600,0.0009223222732543945,0,-3.0481815338138718e-05,2.190354347229004,0.116
123700,0.0005766153335571289,0,-0.00019558668136596181,2.194892168045044,0.126
123800,0.0006177425384521484,0,-0.00014818906784055545,2.1895530223846436,0.118
123900,0.0011702179908752441,0,-9.89198684692436e-05,2.1932284832000732,0.126
124000,0.0020333528518676758,0,0.000281566381454522,2.195549726486206,0.124
124100,0.001273036003112793,0,0.0002808451652526889,2.1875147819519043,0.112
124200,0.0022487640380859375,0,0.0003364861011505023,2.189728260040283,0.116
124300,0.001049041748046875,0,-2.6941299438304744e-06,2.1827685832977295,0.128
124400,0.0005970001220703125,0,-0.0003096699714660651,2.178363561630249,0.132
124500,0.0006972551345825195,0,-0.0002803325653076267,2.1763429641723633,0.14
124600,0.0020151734352111816,0,-8.189678192137836e-05,2.2032582759857178,0.162
124700,0.0015534162521362305,0,0.00024269223213191203,2.1976635456085205,0.146
124800,0.0030442476272583008,0,0.0005750656127929239,2.2075352668762207,0.164
124900,0.001684427261352539,0,0.0003003418445587134,2.2070980072021484,0.148
125000,0.0016235113143920898,0,-6.523132324220212e-05,2.2111504077911377,0.144
125100,0.000868380069732666,0,-0.0002790808677673336,2.1878678798675537,0.128
125200,0.0014162063598632812,0,-0.0004072129726409939,2.183034658432007,0.132
125300,0.0011796951293945312,0,-0.00012167692184448554,2.1803040504455566,0.128
125400,0.0014244318008422852,0,-8.684396743796362e-06,2.165053606033325,0.122
125500,0.0016213655471801758,0,0.0001514196395873774,2.166649580001831,0.128
125600,0.0006401538848876953,0,-0.00011104345321653227,2.1692535877227783,0.124
125700,0.0002593994140625,0,-0.0002624869346619006,2.173698902130127,0.122
125800,0.0002269148826599121,0,-0.00037569999694818694,2.179128646850586,0.12
125900,0.0011262297630310059,0,-0.00014035105705258465,2.1915910243988037,0.128
126000,0.001035928726196289,0,0.00016583800315855054,2.1828761100769043,0.112
126100,0.0025061368942260742,0,0.0005302488803862421,2.1905243396759033,0.132
126200,0.002395153045654297,0,0.0005716383457183741,2.2022628784179688,0.14
126300,0.001787424087524414,0,0.0002681612968445413,2.1914539337158203,0.126
126400,0.0017499923706054688,0,7.09414482116592e-05,2.186521053314209,0.118
126500,0.0007728934288024902,0,-0.00041116476058959526,2.1863198280334473,0.122
126600,0.0005421042442321777,0,-0.0004720628261566278,2.1801745891571045,0.118
126700,0.00028705596923828125,0,-0.00042086243629454057,2.17679762840271,0.114
126800,0.0010170936584472656,0,-0.00019516348838806546,2.1787221431732178,0.128
126900,0.0022159218788146973,0,0.0003361046314239135,2.1807849407196045,0.14
127000,0.0024286508560180664,0,0.0005701959133149774,2.171466112136841,0.14
127100,0.001248002052307129,0,0.0003333449363708456,2.177865982055664,0.134
127200,0.00285947322845459,0,0.0002716839313506877,2.157036781311035,0.128
127300,0.0013898611068725586,0,-0.00012212991714480868,2.1567556858062744,0.122
127400,0.002385377883911133,0,5.5313110351510906e-06,2.1504037380218506,0.13
127500,0.002267003059387207,0,0.00015639066696167714,2.1683578491210938,0.142
127600,0.0016039609909057617,0,-0.00016338825225831752,2.163557767868042,0.136
127700,0.0011565089225769043,0,-0.0001248121261596457,2.176711082458496,0.142
127800,0.0015575885772705078,0,-0.00027660727500915234,2.1737983226776123,0.146
127900,0.0009175539016723633,0,-0.00027452707290647957,2.1868574619293213,0.148
